Poster_Link,title,Released_Year,Certificate,Runtime,Genre,IMDB_Rating,Overview,Meta_score,Director,Star1,Star2,Star3,Star4,No_of_Votes,Gross,show_id,type,director,cast,country,date_added,release_year,rating,duration,listed_in,description,,,,,,,,,,,,,,,,,,,,,,,,,,,,,,,,,,,,,,,AMAZONPRIME
"https://m.media-amazon.com/images/M/MV5BNGVjNWI4ZGUtNzE0MS00YTJmLWE0ZDctN2ZiYTk2YmI3NTYyXkEyXkFqcGdeQXVyMTkxNjUyNQ@@._V1_UX67_CR0,0,67,98_AL_.jpg",Joker,2019,A,122 min,"Crime, Drama, Thriller",8.5,"In Gotham City, mentally troubled comedian Arthur Fleck is disregarded and mistreated by society. He then embarks on a downward spiral of revolution and bloody crime. This path brings him face-to-face with his alter-ego: the Joker.",59,Todd Phillips,Joaquin Phoenix,Robert De Niro,Zazie Beetz,Frances Conroy,939252,"335,451,311",s5279,Movie,Raju Murugan,"Guru Somasundaram, Ramya Pandiyan, Gayathri, Ramasamy, Bava Chelladurai, Bala Murugan",India,,2016,ALL,129 min,"Comedy, Drama, International","Mannar (protagonist), a villager, who declares himself as Indian President, protests government for absurdities. On a trial, he reveals his past. When everyone sees him as Joker, audience are questioned at the end.",,,,,,,,,,,,,,,,,,,,,,,,,,,,,,,,,,,,,,,1
"https://m.media-amazon.com/images/M/MV5BY2FiMTFmMzMtZDI2ZC00NDQyLWExYTUtOWNmZWM1ZDg5YjVjXkEyXkFqcGdeQXVyODIwMDI1NjM@._V1_UX67_CR0,0,67,98_AL_.jpg",Vikram Vedha,2017,UA,147 min,"Action, Crime, Drama",8.4,"Vikram, a no-nonsense police officer, accompanied by Simon, his partner, is on the hunt to capture Vedha, a smuggler and a murderer. Vedha tries to change Vikram's life, which leads to a conflict.",,Gayatri,Pushkar,Madhavan,Vijay Sethupathi,Shraddha Srinath,28401,,s7433,Movie,Pushkar-Gayathri,"Madhavan, Vijay Sethupathi, Shraddha Srinath, Kathir, Varalaxmi Sarathkumar",,,2017,13+,140 min,"Action, Suspense","Vikram, a pragmatic policeman, and his partner Simon are on the hunt to capture Vedha. When Vedha voluntarily surrenders, he offers to tell Vikram a story, throwing Vikram's life into disarray.",,,,,,,,,,,,,,,,,,,,,,,,,,,,,,,,,,,,,,,1
"https://m.media-amazon.com/images/M/MV5BYmQxNmU4ZjgtYzE5Mi00ZDlhLTlhOTctMzJkNjk2ZGUyZGEwXkEyXkFqcGdeQXVyMzgxMDA0Nzk@._V1_UY98_CR1,0,67,98_AL_.jpg",Tumbbad,2018,A,104 min,"Drama, Fantasy, Horror",8.3,A mythological story about a goddess who created the entire universe. The plot revolves around the consequences when humans build a temple for her first-born.,,Rahi Anil Barve,Anand Gandhi,Adesh Prasad,Sohum Shah,Jyoti Malshe,27793,,s3947,Movie,"Rahi Anil Barve, Adesh Prasad","Sohum Shah, Jyoti Malshe, Dhundhiraj Prabhakar Jogalekar, Anita Date, Deepak Damle","India, Sweden",,2018,18+,105 min,"Horror, International, Suspense","In the rural village of Tumbbad, a decaying castle hides an immeasurable ancestral fortune guarded by something ancient, sinister, and monstrous. Vinayak thinks he can control it, but how long will it be until his own greed destroys everything he’s built?",,,,,,,,,,,,,,,,,,,,,,,,,,,,,,,,,,,,,,,1
"https://m.media-amazon.com/images/M/MV5BNzgxMzExMzUwNV5BMl5BanBnXkFtZTcwMDc2MjUwNA@@._V1_UY98_CR0,0,67,98_AL_.jpg",Udaan,2010,UA,134 min,Drama,8.2,"Expelled from his school, a 16-year old boy returns home to his abusive and oppressive father.",,Vikramaditya Motwane,Rajat Barmecha,Ronit Roy,Manjot Singh,Ram Kapoor,42341,"7,461",s3659,Movie,Sudha Kongara,"Suriya, Paresh Rawal, Mohan Babu, Aparna Balamurali, Urvashi, Karunas, Vivek Prasanna, Krishna Kumar. B, Kaali Venkat, Poo Ramu, Achyuth Kumar, Prakash Belawadi, Hans Kaushik, Dan Dhanoa",,,2021,13+,142 min,"Action, Drama","Inspired by the book ‘Simply Fly’, the film tells the story of Nedumaaran Rajangam known to friends as Maara, the son of a teacher, who sets out to make the common man fly and takes on the most capital intensive industry in the world with the help of his friends, family and sheer will power.",,,,,,,,,,,,,,,,,,,,,,,,,,,,,,,,,,,,,,,1
"https://m.media-amazon.com/images/M/MV5BZjRlNDUxZjAtOGQ4OC00OTNlLTgxNmQtYTBmMDgwZmNmNjkxXkEyXkFqcGdeQXVyNzkwMjQ5NzM@._V1_UX67_CR0,0,67,98_AL_.jpg",Die Hard,1988,A,132 min,"Action, Thriller",8.2,An NYPD officer tries to save his wife and several others taken hostage by German terrorists during a Christmas party at the Nakatomi Plaza in Los Angeles.,72,John McTiernan,Bruce Willis,Alan Rickman,Bonnie Bedelia,Reginald VelJohnson,793164,"83,008,852",s9217,Movie,John McTiernan,"Bruce Willis, Alan Rickman, Bonnie Bedelia",United States,,1988,R,132 min,Suspense,"John McClane, officer of the NYPD, tries to save his wife.",,,,,,,,,,,,,,,,,,,,,,,,,,,,,,,,,,,,,,,1
"https://m.media-amazon.com/images/M/MV5BMDgwODNmMGItMDcwYi00OWZjLTgyZjAtMGYwMmI4N2Q0NmJmXkEyXkFqcGdeQXVyNzY1MTU0Njk@._V1_UY98_CR1,0,67,98_AL_.jpg",Stalker,1979,U,162 min,"Drama, Sci-Fi",8.2,A guide leads two men through an area known as the Zone to find a room that grants wishes.,,Andrei Tarkovsky,Alisa Freyndlikh,Aleksandr Kaydanovskiy,Anatoliy Solonitsyn,Nikolay Grinko,116945,"234,723",s913,TV Show,,Dr. Lorraine Sheridan,,,2008,16+,1 Season,TV Shows,"""Stalker"" reconstructs the behavior of dangerous and obsessed stalkers, diving into their psychological profiles using police reports and testimony from victims and their families.",,,,,,,,,,,,,,,,,,,,,,,,,,,,,,,,,,,,,,,1
"https://m.media-amazon.com/images/M/MV5BOTgxMDQwMDk0OF5BMl5BanBnXkFtZTgwNjU5OTg2NDE@._V1_UX67_CR0,0,67,98_AL_.jpg",Inside Out,2015,U,95 min,"Animation, Adventure, Comedy",8.1,"After young Riley is uprooted from her Midwest life and moved to San Francisco, her emotions - Joy, Fear, Anger, Disgust and Sadness - conflict on how best to navigate a new city, house, and school.",94,Pete Docter,Ronnie Del Carmen,Amy Poehler,Bill Hader,Lewis Black,616228,"356,461,711",s3630,Movie,David Ogden,"Eriq La Salle, Steven Weber, Kate Walsh, Russell Wong, Tyler Posey, Nia Peebles",,,2005,16+,95 min,Suspense,"When an enigmatic psychiatrist moves into a suburban community, this secretive behavior spins a web of chaos around the neighborhood. With friend against friend and husband against wife, an angered patriarch takes it upon himself to solve the mystery of the doctor.",,,,,,,,,,,,,,,,,,,,,,,,,,,,,,,,,,,,,,,1
"https://m.media-amazon.com/images/M/MV5BMTY5MzYzNjc5NV5BMl5BanBnXkFtZTYwNTUyNTc2._V1_UX67_CR0,0,67,98_AL_.jpg",Catch Me If You Can,2002,A,141 min,"Biography, Crime, Drama",8.1,"Barely 21 yet, Frank is a skilled forger who has passed as a doctor, lawyer and pilot. FBI agent Carl becomes obsessed with tracking down the con man, who only revels in the pursuit.",75,Steven Spielberg,Leonardo DiCaprio,Tom Hanks,Christopher Walken,Martin Sheen,832846,"164,615,351",s7042,Movie,Steven Spielberg,"Leonardo DiCaprio, Tom Hanks, Christopher Walken, Martin Sheen, Nathalie Baye, Amy Adams, James Brolin, Brian Howe, Frank John Hughes, Steve Eastin","United States, Canada",,2002,PG-13,141 min,Suspense,"From three-time Oscar winning director Steven Spielberg, Catch Me If You Can follows Frank W. Abagnale, Jr. as he successfully passes himself off as a pilot, a lawyer and a doctor - all before his 21st birthday!",,,,,,,,,,,,,,,,,,,,,,,,,,,,,,,,,,,,,,,1
"https://m.media-amazon.com/images/M/MV5BNzI4YTVmMWEtMWQ3MS00OGE1LWE5YjMtNjc4NWJmYjRmZTQyXkEyXkFqcGdeQXVyNTA4NzY1MzY@._V1_UY98_CR0,0,67,98_AL_.jpg",Underground,1995,,170 min,"Comedy, Drama, War",8.1,"A group of Serbian socialists prepares for the war in a surreal underground filled by parties, tragedies, love and hate.",,Emir Kusturica,Predrag 'Miki' Manojlovic,Lazar Ristovski,Mirjana Jokovic,Slavko Stimac,55220,"171,082",s6758,Movie,Arthur H. Nadel,,,,1970,7+,100 min,Action,An American intelligence agent attempts to kidnap a top Nazi general.,,,,,,,,,,,,,,,,,,,,,,,,,,,,,,,,,,,,,,,1
"https://m.media-amazon.com/images/M/MV5BYmNjYzRlM2YtZTZjZC00ODVmLTljZWMtODg1YmYyNDBiNzU3XkEyXkFqcGdeQXVyNTkzNDQ4ODc@._V1_UY98_CR3,0,67,98_AL_.jpg",Dilwale Dulhania Le Jayenge,1995,U,189 min,"Drama, Romance",8.1,"When Raj meets Simran in Europe, it isn't love at first sight but when Simran moves to India for an arranged marriage, love makes its presence felt.",,Aditya Chopra,Shah Rukh Khan,Kajol,Amrish Puri,Farida Jalal,63516,,s5291,Movie,Aditya Chopra,"Shah Rukh Khan, Kajol, Amrish Puri, Farida Jalal, Anupam Kher, Satish Shah, Achala Sachdev, Himani Shivpuri",India,,1995,7+,190 min,Romance,"When Raj (Shahrukh Khan) & Simran (Kajol) first met on an inter-rail holiday in Europe, it wasn’t exactly Love at first sight but when Simran is taken back to India for an arranged marriage, things change. Encouraged by his father Dharamvir (Anupam Kher), Raj decides to fly down from London to not just win his Bride but her whole family and the blessings of her father Baldev Singh (Amrish Puri).",,,,,,,,,,,,,,,,,,,,,,,,,,,,,,,,,,,,,,,1
"https://m.media-amazon.com/images/M/MV5BMDVjNjIwOGItNDE3Ny00OThjLWE0NzQtZTU3YjMzZTZjMzhkXkEyXkFqcGdeQXVyMTQxNzMzNDI@._V1_UX67_CR0,0,67,98_AL_.jpg",The Elephant Man,1980,UA,124 min,"Biography, Drama",8.1,"A Victorian surgeon rescues a heavily disfigured man who is mistreated while scraping a living as a side-show freak. Behind his monstrous façade, there is revealed a person of kindness, intelligence and sophistication.",78,David Lynch,Anthony Hopkins,John Hurt,Anne Bancroft,John Gielgud,220078,,s684,Movie,David Lynch,"Anthony Hopkins, John Hurt, Anne Bancroft",,,1980,PG,123 min,"Drama, Suspense","The film examines the complex emotional experiences faced by John Merrick. ""The Elephant Man"", when he is discovered by a dedicated surgeon. Rescued from his life as a circus freak, Merrick is given a chance to live his last years with respect.",,,,,,,,,,,,,,,,,,,,,,,,,,,,,,,,,,,,,,,1
"https://m.media-amazon.com/images/M/MV5BOWVmYzQwY2MtOTBjNi00MDNhLWI5OGMtN2RiMDYxODI3MjU5XkEyXkFqcGdeQXVyMjUzOTY1NTc@._V1_UX67_CR0,0,67,98_AL_.jpg",Paper Moon,1973,U,102 min,"Comedy, Crime, Drama",8.1,"During the Great Depression, a con man finds himself saddled with a young girl who may or may not be his daughter, and the two forge an unlikely partnership.",77,Peter Bogdanovich,Ryan O'Neal,Tatum O'Neal,Madeline Kahn,John Hillerman,42285,"30,933,743",s5178,Movie,Peter Bogdanovich,"Ryan O'Neal, Tatum O'Neal, Madeline Kahn, John Hillerman, P. J. Johnson, Randy Quaid, Noble Willingham, Ed Reed, Bob Young, Liz Ross",,,1973,PG,102 min,"Comedy, Drama","Ryan O'Neal teams up with his daughter, Tatum in this film for which Tatum won an Oscar in her role. Con man Moses Pray, driving through depression-era Kansas with a carload of deluxe bibles and a list of newly widowed prospects for his line.",,,,,,,,,,,,,,,,,,,,,,,,,,,,,,,,,,,,,,,1
"https://m.media-amazon.com/images/M/MV5BZDkzMTQ1YTMtMWY4Ny00MzExLTkzYzEtNzZhOTczNzU2NTU1XkEyXkFqcGdeQXVyODY3NjMyMDU@._V1_UY98_CR4,0,67,98_AL_.jpg",Gully Boy,2019,UA,154 min,"Drama, Music, Romance",8,A coming-of-age story based on the lives of street rappers in Mumbai.,65,Zoya Akhtar,Vijay Varma,Nakul Roshan Sahdev,Ranveer Singh,Vijay Raaz,31886,"5,566,534",s3859,Movie,Zoya Akhtar,"Ranveer Singh, Alia Bhatt, Kalki Koechlin, Siddhant Chaturvedi, Vijay Raaz, Amruta Subhash, Sheeba Chaddha",,,2019,16+,154 min,"Drama, International",A coming-of-age story based on the lives of street rappers in Mumbai.,,,,,,,,,,,,,,,,,,,,,,,,,,,,,,,,,,,,,,,1
"https://m.media-amazon.com/images/M/MV5BYmVjNDIxODAtNWZiZi00ZDBlLWJmOTUtNDNjMGExNTViMzE1XkEyXkFqcGdeQXVyNTE0MDc0NTM@._V1_UX67_CR0,0,67,98_AL_.jpg",Kal Ho Naa Ho,2003,U,186 min,"Comedy, Drama, Musical",8,"Naina, an introverted, perpetually depressed girl's life changes when she meets Aman. But Aman has a secret of his own which changes their lives forever. Embroiled in all this is Rohit, Naina's best friend who conceals his love for her.",54,Nikkhil Advani,Preity Zinta,Shah Rukh Khan,Saif Ali Khan,Jaya Bachchan,63460,"1,787,378",s5274,Movie,Nikkhil Advani,"Shah Rukh Khan, Preity Zinta, Saif Ali Khan, Jaya Bhaduri, Sushma Seth, Reema Lagoo, Lilette Dubey, Delnaz Paul, Sonali Bendre, Rani Mukerji, Sanjay Kapoor, Sulabha Arya, Athit Naik, Jhanak Shukla",India,,2003,ALL,187 min,"Comedy, Drama, International","Naina Kapur is a beautiful introvert and often keeps to herself. Her life soon changes, when she befriends her neighbour, Aman Mathur, who is jaunty and bubbly. Naina falls in love with Aman and decides to confess her love to him. She is heart-broken, when she finds out that Aman is married. But the truth unravels, and Aman has lied about being married. His lie hides a dark secret.",,,,,,,,,,,,,,,,,,,,,,,,,,,,,,,,,,,,,,,1
"https://m.media-amazon.com/images/M/MV5BMzE5MDM1NDktY2I0OC00YWI5LTk2NzUtYjczNDczOWQxYjM0XkEyXkFqcGdeQXVyMTQxNzMzNDI@._V1_UX67_CR0,0,67,98_AL_.jpg",Beauty and the Beast,1991,G,84 min,"Animation, Family, Fantasy",8,A prince cursed to spend his days as a hideous monster sets out to regain his humanity by earning a young woman's love.,95,Gary Trousdale,Kirk Wise,Paige O'Hara,Robby Benson,Jesse Corti,417178,"218,967,620",s7765,Movie,David Lister,"Estella Warren, Damien Garvey, Rhett Giles, Melissa Thompson, Victor Parascos",,,2010,R,90 min,"Drama, Romance, Science Fiction","A dark twist on the morality tale of forbidden love between beautiful Belle and the feared forest Beast. As villagers are being brutally murdered and the Beast is hunted down as the one responsible for the mayhem, Belle and Beast team up to defeat the real killer: the power-hungry witch's malevolent troll.",,,,,,,,,,,,,,,,,,,,,,,,,,,,,,,,,,,,,,,1
"https://m.media-amazon.com/images/M/MV5BODA2MjU1NTI1MV5BMl5BanBnXkFtZTgwOTU4ODIwMjE@._V1_UX67_CR0,0,67,98_AL_.jpg",Do the Right Thing,1989,R,120 min,"Comedy, Drama",8,"On the hottest day of the year on a street in the Bedford-Stuyvesant section of Brooklyn, everyone's hate and bigotry smolders and builds until it explodes into violence.",93,Spike Lee,Danny Aiello,Ossie Davis,Ruby Dee,Richard Edson,89429,"27,545,445",s8320,Movie,Spike Lee,"Danny Aiello, Ossie Davis, Ruby Dee, Richard Edson, Giancarlo Esposito, Spike Lee, Bill Nunn, John Turturro, Rosie Perez, Paul Benjamin, Frankie R. Faison, Robin Harris, Joie Lee, Samuel L. Jackson, Roger Guenveur Smith, John Savage",,,1989,R,121 min,"Comedy, Drama",Director Spike Lee's seminal exploration of race and violence takes place in a Brooklyn neighborhood anchored by Sal's Pizzeria - where the heat of summer is boiling over! Biting humor and riveting drama.,,,,,,,,,,,,,,,,,,,,,,,,,,,,,,,,,,,,,,,1
"https://m.media-amazon.com/images/M/MV5BMGM4M2Q5N2MtNThkZS00NTc1LTk1NTItNWEyZjJjNDRmNDk5XkEyXkFqcGdeQXVyMjA0MDQ0Mjc@._V1_UX67_CR0,0,67,98_AL_.jpg",The Princess Bride,1987,U,98 min,"Adventure, Family, Fantasy",8,"While home sick in bed, a young boy's grandfather reads him the story of a farmboy-turned-pirate who encounters numerous obstacles, enemies and allies in his quest to be reunited with his true love.",77,Rob Reiner,Cary Elwes,Mandy Patinkin,Robin Wright,Chris Sarandon,393899,"30,857,814",s9624,Movie,Rob Reiner,"Cary Elwes, Mandy Patinkin, Chris Sarandon, Christopher Guest, Wallace Shawn, André the Giant, Fred Savage, Robin Wright Penn, Peter Falk, Peter Cook, Mel Smith, Carol Kane, Billy Crystal, Anne Dyson, Margery Mason, Malcolm Storry, Willoughby Gray, Betsy Brantley, Paul Badger, Sallie McLaughlin",,,1987,PG,98 min,"Action, Kids, Science Fiction","Based on William Goldman's novel of the same name, The Princess Bride is staged as a book read by grandfather (Peter Falk) to his ill grandson (Fred Savage). Falk's character assures a romance-weary Savage that the book has much more to deliver than a simpering love story, including but not limited to fencing, fighting, torture, death, true love, giants, and pirates.",,,,,,,,,,,,,,,,,,,,,,,,,,,,,,,,,,,,,,,1
"https://m.media-amazon.com/images/M/MV5BZDg1OGQ4YzgtM2Y2NS00NjA3LWFjYTctMDRlMDI3NWE1OTUyXkEyXkFqcGdeQXVyMjUzOTY1NTc@._V1_UX67_CR0,0,67,98_AL_.jpg",Annie Hall,1977,A,93 min,"Comedy, Romance",8,Neurotic New York comedian Alvy Singer falls in love with the ditzy Annie Hall.,92,Woody Allen,Woody Allen,Diane Keaton,Tony Roberts,Carol Kane,251823,"39,200,000",s7050,Movie,Woody Allen,"Woody Allen, Diane Keaton, Tony Roberts, Carol Kane, Paul Simon, Shelley Duvall, Janet Margolin, Christopher Walken",,,1977,PG,93 min,Comedy,Woody Allen is in prime form in this celebrated comedy and 1977 Best Picture Oscar-winner in which he portrays a highly neurotic comedy writer who falls head-over-heels in love with a naive small-town girl (Diane Keaton) who aspires to be a singer.,,,,,,,,,,,,,,,,,,,,,,,,,,,,,,,,,,,,,,,1
"https://m.media-amazon.com/images/M/MV5BMTEwNjg2MjM2ODFeQTJeQWpwZ15BbWU4MDQ1MDU5OTEx._V1_UX67_CR0,0,67,98_AL_.jpg",Young Frankenstein,1974,A,106 min,Comedy,8,"An American grandson of the infamous scientist, struggling to prove that his grandfather was not as insane as people believe, is invited to Transylvania, where he discovers the process that reanimates a dead body.",80,Mel Brooks,Gene Wilder,Madeline Kahn,Marty Feldman,Peter Boyle,143359,"86,300,000",s7977,Movie,Mel Brooks,"Marty Feldman, Danny Goldman, Liam Dunn, Cloris Leachman, Teri Garr, Gene Hackman, Peter Boyle, Kenneth Mars, Leon Askin, Arthur Malet, Richard Roth, Lou Cutell, Madeline Kahn, Oscar Beregi, Gene Wilder, Richard Haydn",,,1974,PG,106 min,Comedy,"Director Mel Brooks' comic spoof of the Frankenstein (that's 'Fronk-en-steen') films is a comedy classic! Featuring Teri Garr, Madeline Kahn, Cloris Leachman, Gene Hackman and Peter Boyle as The Monster.",,,,,,,,,,,,,,,,,,,,,,,,,,,,,,,,,,,,,,,1
"https://m.media-amazon.com/images/M/MV5BZGRjZjQ0NzAtYmZlNS00Zjc1LTk1YWItMDY5YzQxMzA4MTAzXkEyXkFqcGdeQXVyMjI4MjA5MzA@._V1_UX67_CR0,0,67,98_AL_.jpg",Papillon,1973,R,151 min,"Biography, Crime, Drama",8,"A man befriends a fellow criminal as the two of them begin serving their sentence on a dreadful prison island, which inspires the man to plot his escape.",58,Franklin J. Schaffner,Steve McQueen,Dustin Hoffman,Victor Jory,Don Gordon,121627,"53,267,000",s4238,Movie,Michael Noer,"Charlie Hunnam, Rami Malek, Yorick van Wageningen, Roland Møller, Tommy Flanagan, Eve Hewson",,,2018,R,133 min,"Action, Adventure, Drama","After being framed and ultimately imprisoned on Devil's Island, Henri ""Papillon"" Charrière (Charlie Hunnam) forms a pact with Louis Dega (Rami Malek) to finance his escape.",,,,,,,,,,,,,,,,,,,,,,,,,,,,,,,,,,,,,,,1
"https://m.media-amazon.com/images/M/MV5BYjhmMGMxZDYtMTkyNy00YWVmLTgyYmUtYTU3ZjcwNTBjN2I1XkEyXkFqcGdeQXVyNzkwMjQ5NzM@._V1_UX67_CR0,0,67,98_AL_.jpg",The Exorcist,1973,A,122 min,Horror,8,"When a 12-year-old girl is possessed by a mysterious entity, her mother seeks the help of two priests to save her.",81,William Friedkin,Ellen Burstyn,Max von Sydow,Linda Blair,Lee J. Cobb,362393,"232,906,145",s9369,TV Show,,,,,2017,18+,2 Seasons,TV Shows,"Opening an entirely new chapter in the iconic franchise, Season Two of THE EXORCIST finds FATHER TOMAS ORTEGA (Alfonso Herrera) and a newly collarless MARCUS KEANE (Ben Daniels) out of Chicago and heading west, on a collision course with Hell.",,,,,,,,,,,,,,,,,,,,,,,,,,,,,,,,,,,,,,,1
"https://m.media-amazon.com/images/M/MV5BMTkyMTM2NDk5Nl5BMl5BanBnXkFtZTgwNzY1NzEyMDE@._V1_UX67_CR0,0,67,98_AL_.jpg",Butch Cassidy and the Sundance Kid,1969,PG,110 min,"Biography, Crime, Drama",8,"Wyoming, early 1900s. Butch Cassidy and The Sundance Kid are the leaders of a band of outlaws. After a train robbery goes wrong they find themselves on the run with a posse hard on their heels. Their solution - escape to Bolivia.",66,George Roy Hill,Paul Newman,Robert Redford,Katharine Ross,Strother Martin,201888,"102,308,889",s9236,Movie,George Roy Hill,"Paul Newman, Robert Redford, Katharine Ross, Strother Martin, Henry Jones, Jeff Corey, George Furth, Cloris Leachman, Ted Cassidy, Kenneth Mars, Donnelly Rhodes, Jody Gilbert, Timothy Scott, Don Keefer, Charles Dierkop, Francisco Cordova, Nelson Olmstead, Paul Bryar, Sam Elliott, Claude Akins",,,1969,PG,110 min,"Action, Drama, Western","Sundance is a mighty quick draw, and his partner Butch is a gifted get-rich-quick schemer. With the law on their trail, the two pack their guns, and, along with Sundance's girlfriend, head for Bolivia, away from the men trying to bring them to justice.",,,,,,,,,,,,,,,,,,,,,,,,,,,,,,,,,,,,,,,1
"https://m.media-amazon.com/images/M/MV5BZmEwZGU2NzctYzlmNi00MGJkLWE3N2MtYjBlN2ZhMGJkZTZiXkEyXkFqcGdeQXVyMTQxNzMzNDI@._V1_UX67_CR0,0,67,98_AL_.jpg",Rosemary's Baby,1968,A,137 min,"Drama, Horror",8,A young couple trying for a baby move into a fancy apartment surrounded by peculiar neighbors.,96,Roman Polanski,Mia Farrow,John Cassavetes,Ruth Gordon,Sidney Blackmer,193674,,s7073,TV Show,,"Zoe Saldana, Patrick J. Adams",,,2014,TV-14,1 Season,Drama,"Based on the best-selling novel by Ira Levin, ""Rosemary's Baby"" centers on a young married couple who move to Paris in hopes of leaving their past behind. After a series of unfortunate events, Rosemary and Guy Woodhouse are presented with an offer they can't refuse - an apartment at the most prestigious address in the city. They soon realize it comes with a haunted past and an immeasurable price.",,,,,,,,,,,,,,,,,,,,,,,,,,,,,,,,,,,,,,,1
"https://m.media-amazon.com/images/M/MV5BMTQ0ODc4MDk4Nl5BMl5BanBnXkFtZTcwMTEzNzgzNA@@._V1_UX67_CR0,0,67,98_AL_.jpg",The Graduate,1967,A,106 min,"Comedy, Drama, Romance",8,A disillusioned college graduate finds himself torn between his older lover and her daughter.,83,Mike Nichols,Dustin Hoffman,Anne Bancroft,Katharine Ross,William Daniels,253676,"104,945,305",s9073,Movie,Mike Nichols,"Dustin Hoffman, Anne Bancroft, Katharine Ross, Norman Fell, William Daniels, Murray Hamilton, Elizabeth Wilson, Brian Avery, Walter Brooke",,,1967,PG,106 min,"Comedy, Drama","Hollywood darlings Dustin Hoffman, Anne Bancroft and Katharine Ross create one outrageous love triangle in this groundbreaking American film classic.",,,,,,,,,,,,,,,,,,,,,,,,,,,,,,,,,,,,,,,1
"https://m.media-amazon.com/images/M/MV5BMTE2MDM4MTMtZmNkZC00Y2QyLWE0YjUtMTAxZGJmODMxMDM0XkEyXkFqcGdeQXVyNjc1NTYyMjg@._V1_UX67_CR0,0,67,98_AL_.jpg",Roman Holiday,1953,,118 min,"Comedy, Romance",8,A bored and sheltered princess escapes her guardians and falls in love with an American newsman in Rome.,78,William Wyler,Gregory Peck,Audrey Hepburn,Eddie Albert,Hartley Power,127256,,s1138,Movie,William Wyler,"Gregory Peck, Audrey Hepburn, Eddie Albert",,,1953,7+,118 min,"Comedy, Romance","Audrey Hepburn captured an Oscar for her portrayal of a modern-day princess, rebelling against the royal obligations, who explores Rome on her own. She meets Gregory Peck, an American newspaperman who, seeking an exclusive story, pretends ignorance of her true identity. But his plan falters as they fall in love.",,,,,,,,,,,,,,,,,,,,,,,,,,,,,,,,,,,,,,,1
"https://m.media-amazon.com/images/M/MV5BNjRmZjcwZTQtYWY0ZS00ODAwLTg4YTktZDhlZDMwMTM1MGFkXkEyXkFqcGdeQXVyNjc1NTYyMjg@._V1_UX67_CR0,0,67,98_AL_.jpg",In a Lonely Place,1950,,94 min,"Drama, Film-Noir, Mystery",8,"A potentially violent screenwriter is a murder suspect until his lovely neighbor clears him. However, she soon starts to have her doubts.",,Nicholas Ray,Humphrey Bogart,Gloria Grahame,Frank Lovejoy,Carl Benton Reid,26784,,s2124,Movie,Nicholas Ray,"Humphrey Bogart, Gloria Grahame, Frank Lovejoy, Carl Benton Reid, Art Smith, Jeff Donnell, Martha Stewart, John Mitchum, James Arness, Billy Gray",,,1950,13+,93 min,"Drama, Suspense","A potentially violent screenwriter (Humphrey Bogart) is a murder suspect until his lovely neighbor clears him. However, she soon starts to have her doubts.",,,,,,,,,,,,,,,,,,,,,,,,,,,,,,,,,,,,,,,1
"https://m.media-amazon.com/images/M/MV5BMGUwZjliMTAtNzAxZi00MWNiLWE2NzgtZGUxMGQxZjhhNDRiXkEyXkFqcGdeQXVyNjU1NzU3MzE@._V1_UX67_CR0,0,67,98_AL_.jpg",Knives Out,2019,UA,130 min,"Comedy, Crime, Drama",7.9,"A detective investigates the death of a patriarch of an eccentric, combative family.",82,Rian Johnson,Daniel Craig,Chris Evans,Ana de Armas,Jamie Lee Curtis,454203,"165,359,751",s5656,Movie,Rian Johnson,"Ana De Armas, Toni Collette, Christopher Plummer, Don Johnson, Michael Shannon, Jaeden Martell, Riki Lindhome, Chris Evans, Jamie Lee Curtis, Lakeith Stanfield, Daniel Craig, Katherine Langford",United States,,2019,PG-13,130 min,Comedy,"When renowned crime novelist Harlan Thrombey is found dead at his estate, the inquisitive Detective Benoit Blanc is mysteriously enlisted to investigate. From Harlan's dysfunctional family to his devoted staff, Blanc sifts through a web of red herrings and self-serving lies to uncover the truth behind Harlan's untimely death.",,,,,,,,,,,,,,,,,,,,,,,,,,,,,,,,,,,,,,,1
"https://m.media-amazon.com/images/M/MV5BMTUwOGFiM2QtOWMxYS00MjU2LThmZDMtZDM2MWMzNzllNjdhXkEyXkFqcGdeQXVyMTMxODk2OTU@._V1_UX67_CR0,0,67,98_AL_.jpg",In Bruges,2008,R,107 min,"Comedy, Crime, Drama",7.9,"Guilt-stricken after a job gone wrong, hitman Ray and his partner await orders from their ruthless boss in Bruges, Belgium, the last place in the world Ray wants to be.",67,Martin McDonagh,Colin Farrell,Brendan Gleeson,Ciarán Hinds,Elizabeth Berrington,390334,"7,757,130",s7467,Movie,Martin McDonagh,"Colin Farrell, Brendan Gleeson, Ralph Fiennes, Clemence Poesy, Jeremie Renier",,,2008,R,108 min,"Action, Comedy, Drama",HD. European hit men Colin Farrell and Brendan Gleeson unwind in Belgium after a blundered job in this film.,,,,,,,,,,,,,,,,,,,,,,,,,,,,,,,,,,,,,,,1
"https://m.media-amazon.com/images/M/MV5BMjAzODUwMjM1M15BMl5BanBnXkFtZTcwNjU2MjU2MQ@@._V1_UX67_CR0,0,67,98_AL_.jpg",The Fall,2006,R,117 min,"Adventure, Drama, Fantasy",7.9,"In a hospital on the outskirts of 1920s Los Angeles, an injured stuntman begins to tell a fellow patient, a little girl with a broken arm, a fantastic story of five mythical heroes. Thanks to his fractured state of mind and her vivid imagination, the line between fiction and reality blurs as the tale advances.",64,Tarsem Singh,Lee Pace,Catinca Untaru,Justine Waddell,Kim Uylenbroek,107290,"2,280,348",s671,TV Show,,"Gillian Anderson, Jamie Dornan, John Lynch, Aisling Franciosi, Niamh McGrady, Bronagh Waugh, Sarah Beattie",,,2016,TV-MA,3 Seasons,"Drama, Suspense","Gillian Anderson returns as Detective Superintendent Stella Gibson in The Fall. She has arrested Spector but will he survive the gunshot wounds sustained in police custody? Will he ever face justice? As The Fall reaches its inexorable conclusion, it's clear that the rules of this deadly game of cat and mouse are set to shift once again.",,,,,,,,,,,,,,,,,,,,,,,,,,,,,,,,,,,,,,,1
"https://m.media-amazon.com/images/M/MV5BMzY1ZjMwMGEtYTY1ZS00ZDllLTk0ZmUtYzA3ZTA4NmYwNGNkXkEyXkFqcGdeQXVyNDk3NzU2MTQ@._V1_UX67_CR0,0,67,98_AL_.jpg",Almost Famous,2000,A,122 min,"Adventure, Comedy, Drama",7.9,A high-school boy is given the chance to write a story for Rolling Stone Magazine about an up-and-coming rock band as he accompanies them on their concert tour.,90,Cameron Crowe,Billy Crudup,Patrick Fugit,Kate Hudson,Frances McDormand,252586,"32,534,850",s9410,Movie,Cameron Crowe,"Billy Crudup, Frances McDormand, Kate Hudson, Jason Lee, Patrick Fugit, Anna Paquin, Fairuza Balk, Zooey Deschanel, Noah Taylor, Philip Seymour Hoffman",,,2000,R,161 min,Drama,"Director/Writer Cameron Crowe won an Oscar for this deeply personal and universally entertaining coming-of-age story, following a 15-year-old journalist on the road with an up-and-coming rock band in the early 1970s.",,,,,,,,,,,,,,,,,,,,,,,,,,,,,,,,,,,,,,,1
"https://m.media-amazon.com/images/M/MV5BY2M5Mzg3NjctZTlkNy00MTU0LWFlYTQtY2E2Y2M4NjNiNzllXkEyXkFqcGdeQXVyMTAwMzUyOTc@._V1_UX67_CR0,0,67,98_AL_.jpg",Harold and Maude,1971,PG,91 min,"Comedy, Drama, Romance",7.9,"Young, rich, and obsessed with death, Harold finds himself changed forever when he meets lively septuagenarian Maude at a funeral.",62,Hal Ashby,Ruth Gordon,Bud Cort,Vivian Pickles,Cyril Cusack,70826,,s2249,Movie,Hal Ashby,"Ruth Gordon, Bud Cort, Tom Skerritt",United States,,1971,PG,92 min,"Comedy, Drama","Harold is young, rich and obsessed with death. Maude is a lovable a fun-loving 80-year-old eccentric. When the two meet at a funeral and develop a deep bond, they must reconcile their disparate beliefs about the meaning life.",,,,,,,,,,,,,,,,,,,,,,,,,,,,,,,,,,,,,,,1
"https://m.media-amazon.com/images/M/MV5BMTA0Y2UyMDUtZGZiOS00ZmVkLTg3NmItODQyNTY1ZjU1MWE4L2ltYWdlL2ltYWdlXkEyXkFqcGdeQXVyNjc1NTYyMjg@._V1_UX67_CR0,0,67,98_AL_.jpg",Charade,1963,U,113 min,"Comedy, Mystery, Romance",7.9,Romance and suspense ensue in Paris as a woman is pursued by several men who want a fortune her murdered husband had stolen. Whom can she trust?,83,Stanley Donen,Cary Grant,Audrey Hepburn,Walter Matthau,James Coburn,68689,"13,474,588",s6098,Movie,Stanley Donen,"Cary Grant, Audrey Hepburn, Walter Matthau, James Coburn, George Kennedy",,,1963,16+,113 min,Comedy,"In Paris, romance and suspense ensue as a woman is pursued by several men who want a fortune her murdered husband had stolen. Whom can she trust?",,,,,,,,,,,,,,,,,,,,,,,,,,,,,,,,,,,,,,,1
"https://m.media-amazon.com/images/M/MV5BOWIzZGUxZmItOThkMS00Y2QxLTg0MTYtMDdhMjRlNTNlYTI3L2ltYWdlXkEyXkFqcGdeQXVyNjc1NTYyMjg@._V1_UX67_CR0,0,67,98_AL_.jpg",High Noon,1952,PG,85 min,"Drama, Thriller, Western",7.9,"A town Marshal, despite the disagreements of his newlywed bride and the townspeople around him, must face a gang of deadly killers alone at high noon when the gang leader, an outlaw he sent up years ago, arrives on the noon train.",89,Fred Zinnemann,Gary Cooper,Grace Kelly,Thomas Mitchell,Lloyd Bridges,97222,"9,450,000",s4490,Movie,Fred Zinnemann,"Gary Cooper, Lloyd Bridges, Grace Kelly, Thomas Mitchell, Lon Chaney, Katy Jurado, Otto Kruger, Henry Morgan, Ian MacDonald, Eve McVeagh",,,1952,PG,85 min,"Drama, Suspense, Western",Gary Cooper won the Oscar for the Best Actor in this classic tale of a lawman who stands alone to defend a town of cowardly citizens against a gang of revenge-seeking criminals.,,,,,,,,,,,,,,,,,,,,,,,,,,,,,,,,,,,,,,,1
"https://m.media-amazon.com/images/M/MV5BMjdiM2IyZmQtODJiYy00NDNkLTllYmItMmFjMDNiYTQyOGVkXkEyXkFqcGdeQXVyNDY2MTk1ODk@._V1_UX67_CR0,0,67,98_AL_.jpg",The Big Sleep,1946,Passed,114 min,"Crime, Film-Noir, Mystery",7.9,"Private detective Philip Marlowe is hired by a wealthy family. Before the complex case is over, he's seen murder, blackmail, and what might be love.",,Howard Hawks,Humphrey Bogart,Lauren Bacall,John Ridgely,Martha Vickers,78796,"6,540,000",s740,Movie,,,,,2007,NR,29 min,Music Videos and Concerts,"The Big Sleep play the Insound party - complete with beach balls, cheap beer, and good instrumental music.",,,,,,,,,,,,,,,,,,,,,,,,,,,,,,,,,,,,,,,1
"https://m.media-amazon.com/images/M/MV5BZDVmZTZkYjMtNmViZC00ODEzLTgwNDAtNmQ3OGQwOWY5YjFmXkEyXkFqcGdeQXVyNDY2MTk1ODk@._V1_UX67_CR0,0,67,98_AL_.jpg",His Girl Friday,1940,Passed,92 min,"Comedy, Drama, Romance",7.9,A newspaper editor uses every trick in the book to keep his ace reporter ex-wife from remarrying.,,Howard Hawks,Cary Grant,Rosalind Russell,Ralph Bellamy,Gene Lockhart,53667,"296,000",s6642,Movie,Howard Hawks,"Cary Grant, Rosalind Russell, Ralph Bellamy, Gene Lockhart, Porter Hall",,,1940,16+,92 min,"Comedy, Drama, Romance",A newspaper editor uses every trick in the book to keep his ace reporter ex-wife from remarrying.,,,,,,,,,,,,,,,,,,,,,,,,,,,,,,,,,,,,,,,1
"https://m.media-amazon.com/images/M/MV5BZmVhN2JlYjEtZWFkOS00YzE0LThiNDMtMGI3NDA1MTk2ZDQ2XkEyXkFqcGdeQXVyODE5NzE3OTE@._V1_UY98_CR0,0,67,98_AL_.jpg",Raazi,2018,UA,138 min,"Action, Drama, Thriller",7.8,A Kashmiri woman agrees to marry a Pakistani army officer in order to spy on Pakistan during the Indo-Pakistan War of 1971.,,Meghna Gulzar,Alia Bhatt,Vicky Kaushal,Rajit Kapoor,Shishir Sharma,25344,,s1228,Movie,Meghna Gulzar,"Alia Bhatt, Vicky Kaushal",India,,2018,13+,137 min,"Drama, International, Suspense","Set in 1971, when the winds of war were blowing between India and Pakistan, Raazi – an adaptation of Harinder Sikka’s novel “Calling Sehmat” – is a true-life story involving a 20 year old Kashmiri girl.",,,,,,,,,,,,,,,,,,,,,,,,,,,,,,,,,,,,,,,1
"https://m.media-amazon.com/images/M/MV5BNjcyYjg0M2ItMzMyZS00NmM1LTlhZDMtN2MxN2RhNWY4YTkwXkEyXkFqcGdeQXVyNjY1MTg4Mzc@._V1_UX67_CR0,0,67,98_AL_.jpg",Sound of Metal,2019,R,120 min,"Drama, Music",7.8,A heavy-metal drummer's life is thrown into freefall when he begins to lose his hearing.,81,Darius Marder,Riz Ahmed,Olivia Cooke,Paul Raci,Lauren Ridloff,27187,,s5785,Movie,Darius Marder,"Riz Ahmed, Olivia Cooke, Paul Raci, Lauren Ridloff, Mathieu Amalric",United States,,2020,R,121 min,Drama,"Metal drummer Ruben begins to lose his hearing. When a doctor tells him his condition will worsen, he thinks his career and life is over. His girlfriend Lou checks the former addict into a rehab for the deaf hoping it will prevent a relapse and help him adapt to his new life. After being welcomed and accepted just as he is, Ruben must choose between his new normal and the life he once knew.",,,,,,,,,,,,,,,,,,,,,,,,,,,,,,,,,,,,,,,1
"https://m.media-amazon.com/images/M/MV5BMTYxMjk0NDg4Ml5BMl5BanBnXkFtZTgwODcyNjA5OTE@._V1_UX67_CR0,0,67,98_AL_.jpg",Manchester by the Sea,2016,UA,137 min,Drama,7.8,A depressed uncle is asked to take care of his teenage nephew after the boy's father dies.,96,Kenneth Lonergan,Casey Affleck,Michelle Williams,Kyle Chandler,Lucas Hedges,246963,"47,695,120",s4693,Movie,Kenneth Lonergan,"Casey Affleck, Michelle Williams, Kyle Chandler, Lucas Hedges, Gretchen Mol, Matthew Broderick",United States,,2016,R,137 min,Drama,Casey Affleck leads an all-star cast in this acclaimed and poignant film about a solitary janitor whose life is transformed after he becomes the guardian of his 16-year-old nephew.,,,,,,,,,,,,,,,,,,,,,,,,,,,,,,,,,,,,,,,1
"https://m.media-amazon.com/images/M/MV5BY2QzYTQyYzItMzAwYi00YjZlLThjNTUtNzMyMDdkYzJiNWM4XkEyXkFqcGdeQXVyMTkxNjUyNQ@@._V1_UX67_CR0,0,67,98_AL_.jpg",Little Women,2019,U,135 min,"Drama, Romance",7.8,"Jo March reflects back and forth on her life, telling the beloved story of the March sisters - four young women, each determined to live life on her own terms.",91,Greta Gerwig,Saoirse Ronan,Emma Watson,Florence Pugh,Eliza Scanlen,143250,"108,101,214",s6390,Movie,Lela Swift,"Mary Sinclair, Kent Smith, John Baragrey",,,1950,7+,56 min,Drama,"Sisters Meg, Josephine, Amy, and Beth, with the help of their mother, must keep their family going while their father serves for the Union in the Civil War. Based on Louisa May Alcott's life with her sisters in Massachusetts, the familial bond keeps the sisters going through relationships, tragedy, and growing up.",,,,,,,,,,,,,,,,,,,,,,,,,,,,,,,,,,,,,,,1
"https://m.media-amazon.com/images/M/MV5BMTU2OTcyOTE3MF5BMl5BanBnXkFtZTgwNTg5Mjc1MjE@._V1_UX67_CR0,0,67,98_AL_.jpg",Pride,2014,R,119 min,"Biography, Comedy, Drama",7.8,U.K. gay activists work to help miners during their lengthy strike of the National Union of Mineworkers in the summer of 1984.,79,Matthew Warchus,Bill Nighy,Imelda Staunton,Dominic West,Paddy Considine,51841,,s3793,Movie,Matthew Warchus,"Bill Nighy, Andrew Scott, Imelda Staunton, Dominic West, George MacKay",,,2014,R,120 min,"Arthouse, Comedy, Documentary","PRIDE is inspired by an extraordinary true story. It's the summer of 1984, Margaret Thatcher is in power and the National Union of Mineworkers is on strike, prompting a London-based group of gay and lesbian activists to raise money to support the strikers' families. Initially rebuffed by the Union, the group identifies a tiny mining village in Wales and sets off to make their donation in person..",,,,,,,,,,,,,,,,,,,,,,,,,,,,,,,,,,,,,,,1
"https://m.media-amazon.com/images/M/MV5BMTM4NzQ0OTYyOF5BMl5BanBnXkFtZTcwMDkyNjQyMg@@._V1_UX67_CR0,0,67,98_AL_.jpg",Taken,2008,A,90 min,"Action, Thriller",7.8,"A retired CIA agent travels across Europe and relies on his old skills to save his estranged daughter, who has been kidnapped while on a trip to Paris.",51,Pierre Morel,Liam Neeson,Maggie Grace,Famke Janssen,Leland Orser,564791,"145,000,989",s9089,Movie,Pierre Morel,"Liam Neeson, Famke Janssen, Leland Orser, Radivoje Bukvic, Mathieu Busson, Holly Valance, Katie Cassidy, Xander Berkeley, Nicolas Giraud, Maggie Grace, Jon Gries, Michael Mandaville, Luc Besson, Robert Mark Kamen, Christophe Kourotchkine, Valentin Kalaj, Nabil Massad, Jalil Naciri, Edwin Kruger, Olivier Rabourdin, Anca Radici, Christy Reese, Nathan Rippy, Opender Singh, Helena Soubeyrand, Tommy Spahija, Anatole Taubman, Bertrand Treuil, George Hertzberg, David Warshofsky, Ivette Gonzalez, Gerard Watkins, Don Abernathy, Pierre Morel, Didier Hoarau, Franck Lebreton",,,2009,PG-13,91 min,"Action, Drama","When his estranged daughter is kidnapped in Paris, a former spy (Liam Neeson) sets out to find her at any cost. Relying on his special skills, he tracks down the ruthless gang that abducted her and launches a one-man war to bring them to justice and rescue his daughter.",,,,,,,,,,,,,,,,,,,,,,,,,,,,,,,,,,,,,,,1
"https://m.media-amazon.com/images/M/MV5BMGRiYjE0YzItMzk3Zi00ZmYwLWJjNDktYTAwYjIwMjIxYzM3XkEyXkFqcGdeQXVyMTMxODk2OTU@._V1_UX67_CR0,0,67,98_AL_.jpg",Atonement,2007,R,123 min,"Drama, Mystery, Romance",7.8,Thirteen-year-old fledgling writer Briony Tallis irrevocably changes the course of several lives when she accuses her older sister's lover of a crime he did not commit.,85,Joe Wright,Keira Knightley,James McAvoy,Brenda Blethyn,Saoirse Ronan,251370,"50,927,067",s9258,Movie,Joe Wright,"Saoirse Ronan, Ailidh Mackay, Brenda Blethyn, Julia West, James McAvoy, Harriet Walter, Keira Knightley, Juno Temple, Felix von Simson, Charlie von Simson, Alfie Allen, Patrick Kennedy, Benedict Cumberbatch, Peter Wight, Leander Deeny, Peter O'Connor, Daniel Mays, Nonso Anozie, Michel Vuillermoz, Lionel Abelanski, Nick Bagnall, Charlie Banks, Jamie Beamish, Madeline Crowe, Scarlett Dalton, Michelle Duncan, Matthew Forest, Romola Garai, Vivienne Gibbs, Olivia Grant, Ben Harcourt, Jack Harcourt, Paul Harper, Mark Holgate, Ryan Kiggell, Katy Lawrence, Neil Maskell, Gina McKee, Anthony Minghella, Jade Moulla, John Normington, Georgia Oakley, Alice Orr-Ewing, Catherine Philps, Jay Quinn, Vanessa Redgrave, Bryony Reiss, J?r?mie Renier, Kelly Scott, Billy Seymour, Sarah Shaul, Anna Singleton, Richard Stacey, Emily Thomson, Tilly Vosburgh, Ben Webb",,,2007,R,123 min,"Drama, Suspense","Nominated for 7 Academy Awards, including Best Picture, this stunning epic love story stars Keira Knightley and James McAvoy and is hailed by critics as ""a ravishing romance.""",,,,,,,,,,,,,,,,,,,,,,,,,,,,,,,,,,,,,,,1
"https://m.media-amazon.com/images/M/MV5BMTgzNTgzODU0NV5BMl5BanBnXkFtZTcwMjEyMjMzMQ@@._V1_UX67_CR0,0,67,98_AL_.jpg",Little Miss Sunshine,2006,UA,101 min,"Comedy, Drama",7.8,A family determined to get their young daughter into the finals of a beauty pageant take a cross-country trip in their VW bus.,80,Jonathan Dayton,Valerie Faris,Steve Carell,Toni Collette,Greg Kinnear,439856,"59,891,098",s9645,Movie,"Jonathan Dayton, Valerie Faris","Abigail Breslin, Greg Kinnear, Paul Dano, Alan Arkin, Steve Carell, Toni Collette, Grant Hayes, Justin Shilton, Alissa Anderegg, Jerry Giles, Beth Grant",United States,,2006,R,103 min,"Comedy, Drama","A family determined to get their young daughter into the finals of a beauty pageant take a cross-country trip in their VW bus. A quirky, heartfelt comedy-drama. Winner of two Oscars.",,,,,,,,,,,,,,,,,,,,,,,,,,,,,,,,,,,,,,,1
"https://m.media-amazon.com/images/M/MV5BMDM0ZWRjZDgtZWI0MS00ZTIzLTg4MWYtZjU5MDEyMDU0ODBjXkEyXkFqcGdeQXVyMTQxNzMzNDI@._V1_UX67_CR0,0,67,98_AL_.jpg",The Count of Monte Cristo,2002,PG-13,131 min,"Action, Adventure, Drama",7.8,"A young man, falsely imprisoned by his jealous ""friend"", escapes and uses a hidden treasure to exact his revenge.",61,Kevin Reynolds,Jim Caviezel,Guy Pearce,Christopher Adamson,JB Blanc,129022,"54,234,062",s711,Movie,David Greene,"Richard Chamberlain, Donald Pleasence",,,1975,13+,103 min,Drama,"A classic tale of injustice, revenge and retribution, in which Edmond Dantes is falsely accused by three men of conspiring with Napoleon. Richard Chamberlain stars in this definitive adaptation of Alexandre Dumas' perennial favourite novel.",,,,,,,,,,,,,,,,,,,,,,,,,,,,,,,,,,,,,,,1
"https://m.media-amazon.com/images/M/MV5BZGVmMDNmYmEtNGQ2Mi00Y2ZhLThhZTYtYjE5YmQzMjZiZGMxXkEyXkFqcGdeQXVyNDk3NzU2MTQ@._V1_UY98_CR1,0,67,98_AL_.jpg",The Game,1997,UA,129 min,"Action, Drama, Mystery",7.8,"After a wealthy banker is given an opportunity to participate in a mysterious game, his life is turned upside down when he becomes unable to distinguish between the game and reality.",61,David Fincher,Michael Douglas,Deborah Kara Unger,Sean Penn,James Rebhorn,345096,"48,323,648",s4895,Movie,Felipe Bretas,"Lipy Adler, Leo Paes Leme, Ronan Horta, Emicio Orciollo Neto, Charles Paraventi, Sofia Starling, Lazuli Barbosa, Diogo Sales, Junior Vieira, Luiz Antonio Pilar",,,2021,16+,80 min,"Comedy, Unscripted","12 confined actors in a house dispute a reality show that aims to find the next great artist. In order to stand out in this reality, actors will have to go deep inside the game and avoid controversial and unethical techniques used by producers to reach audience.",,,,,,,,,,,,,,,,,,,,,,,,,,,,,,,,,,,,,,,1
"https://m.media-amazon.com/images/M/MV5BNjk3YzFjYTktOGY0ZS00Y2EwLTk2NTctYTI1Nzc2OWNiN2I4XkEyXkFqcGdeQXVyNzM0MTUwNTY@._V1_UX67_CR0,0,67,98_AL_.jpg",The Lady Vanishes,1938,,96 min,"Mystery, Thriller",7.8,"While travelling in continental Europe, a rich young playgirl realizes that an elderly lady seems to have disappeared from the train.",98,Alfred Hitchcock,Margaret Lockwood,Michael Redgrave,Paul Lukas,May Whitty,47400,,s5319,Movie,Diarmuid Lawrence,"Tuppence Middleton, Tom Hughes, Selina Cadell, Keeley Hawes",,,2013,,86 min,"Drama, Suspense","A stunning new adaptation of the classic 1930s thriller that sees a beautiful, spoilt young woman risking her life to solve the mysterious disappearance of her traveling companion.",,,,,,,,,,,,,,,,,,,,,,,,,,,,,,,,,,,,,,,1
"https://m.media-amazon.com/images/M/MV5BMTQ0Njc1MjM0OF5BMl5BanBnXkFtZTgwNTY2NTUyMjE@._V1_UX67_CR0,0,67,98_AL_.jpg",Frankenstein,1931,Passed,70 min,"Drama, Horror, Sci-Fi",7.8,Dr. Frankenstein dares to tamper with life and death by creating a human monster out of lifeless body parts.,91,James Whale,Colin Clive,Mae Clarke,Boris Karloff,John Boles,65341,,s4254,Movie,Marcus Nispel,"Parker Posey, Adam Goldberg, Vincent Perez, Thomas Kretschmann, Michael Madsen",,,2004,16+,87 min,"Horror, Science Fiction, Suspense","When a detective begins investigating a series of horrific murders, she is lead to a mad doctor who has sustained his creature and himself for over 200 years through genetic experimentation.",,,,,,,,,,,,,,,,,,,,,,,,,,,,,,,,,,,,,,,1
"https://m.media-amazon.com/images/M/MV5BOGUyZDUxZjEtMmIzMC00MzlmLTg4MGItZWJmMzBhZjE0Mjc1XkEyXkFqcGdeQXVyMTMxODk2OTU@._V1_UX67_CR0,0,67,98_AL_.jpg",The Social Network,2010,UA,120 min,"Biography, Drama",7.7,"As Harvard student Mark Zuckerberg creates the social networking site that would become known as Facebook, he is sued by the twins who claimed he stole their idea, and by the co-founder who was later squeezed out of the business.",95,David Fincher,Jesse Eisenberg,Andrew Garfield,Justin Timberlake,Rooney Mara,624982,"96,962,694",s8237,Movie,David Fincher,"Jesse Eisenberg, Justin Timberlake, Andrew Garfield, Armie Hammer, Rashida Jones, Max Minghella, Brenda Song, Josh Pence, Doug Urbanski, John Getz, Rooney Mara, David Selby, Denise Grayson",,,2010,PG-13,120 min,"Comedy, Drama","A story about the founders of the social-networking website, Facebook.",,,,,,,,,,,,,,,,,,,,,,,,,,,,,,,,,,,,,,,1
"https://m.media-amazon.com/images/M/MV5BNTEzOTYwMTcxN15BMl5BanBnXkFtZTcwNTgyNjI1MQ@@._V1_UX67_CR0,0,67,98_AL_.jpg",Control,2007,R,122 min,"Biography, Drama, Music",7.7,"A profile of Ian Curtis, the enigmatic singer of Joy Division whose personal, professional, and romantic troubles led him to commit suicide at the age of 23.",78,Anton Corbijn,Sam Riley,Samantha Morton,Craig Parkinson,Alexandra Maria Lara,61609,"871,577",s7238,Movie,Anton Corbijn,"Sam Riley, Samantha Morton, Alexandra Maria Lara, Joe Anderson",,,2021,R,122 min,"Arts, Entertainment, and Culture","Wanting to emulate his musical heroes, Ian Curtis joins a band, Joy Division. The singers professional, personal and romantic troubles slowly begin to eat away at him; leading him to commit suicide at the age of 23.",,,,,,,,,,,,,,,,,,,,,,,,,,,,,,,,,,,,,,,1
"https://m.media-amazon.com/images/M/MV5BM2U5OWM5NWQtZDYwZS00NmI3LTk4NDktNzcwZjYzNmEzYWU1XkEyXkFqcGdeQXVyNjMwMjk0MTQ@._V1_UY98_CR0,0,67,98_AL_.jpg",Hamlet,1996,PG-13,242 min,Drama,7.7,"Hamlet, Prince of Denmark, returns home to find his father murdered and his mother remarrying the murderer, his uncle. Meanwhile, war is brewing.",,Kenneth Branagh,Kenneth Branagh,Julie Christie,Derek Jacobi,Kate Winslet,35991,"4,414,535",s9186,Movie,Laurence Olivier,"Laurence Olivier, John Laurie, Jean Simmons, Esmond Knight, Anthony Quayle",,,1948,13+,154 min,Drama,Laurence Olivier directs himself in this classic rendition of William Shakespeare's tale of the brooding Danish prince who decides to exact revenge on his uncle for the murder of his father.,,,,,,,,,,,,,,,,,,,,,,,,,,,,,,,,,,,,,,,1
"https://m.media-amazon.com/images/M/MV5BZDVhNzQxZDEtMzcyZC00ZDg1LWFkZDctOWYxZTY0ZmYzYjc2XkEyXkFqcGdeQXVyMjA0MDQ0Mjc@._V1_UX67_CR0,0,67,98_AL_.jpg",The Odd Couple,1968,G,105 min,Comedy,7.7,"Two friends try sharing an apartment, but their ideas of housekeeping and lifestyles are as different as night and day.",86,Gene Saks,Jack Lemmon,Walter Matthau,John Fiedler,Herb Edelman,31572,"44,527,234",s505,Movie,Gene Saks,"Jack Lemmon, Walter Matthau, John Fiedler, Herb Edelman, Monica Evans",,,1968,G,105 min,"Comedy, Drama","Two divorced men decide to share a New York apartment. Fussy Felix, fastidious to a fault. He proves that cleanliness is next to insanity. And Oscar, who wreaks havoc on a tidy room with the speed and thoroughness of a tornado.",,,,,,,,,,,,,,,,,,,,,,,,,,,,,,,,,,,,,,,1
"https://m.media-amazon.com/images/M/MV5BZjM3ZTAzZDYtZmFjZS00YmQ1LWJlOWEtN2I4MDRmYzY5YmRlL2ltYWdlXkEyXkFqcGdeQXVyMjgyNjk3MzE@._V1_UX67_CR0,0,67,98_AL_.jpg",Peeping Tom,1960,,101 min,"Drama, Horror, Thriller",7.7,"A young man murders women, using a movie camera to film their dying expressions of terror.",,Michael Powell,Karlheinz Böhm,Anna Massey,Moira Shearer,Maxine Audley,31354,"83,957",s7719,Movie,Michael Powell,"Karl Heinz Böhm, Jack Watson, Moira Shearer, Anna Massey, Maxine Audley, Nigel Davenport",,,1962,16+,101 min,Suspense,"A disturbed filmmaker (Carl Boehm) literally kills with his camera in this ahead-of-its-time shocker from revered British director Michael Powell. Like the same year's Psycho, this film's combination of voyeurism, eroticism and horror repelled some 1960 critics, but its cult reputation soared in later years.",,,,,,,,,,,,,,,,,,,,,,,,,,,,,,,,,,,,,,,1
"https://m.media-amazon.com/images/M/MV5BYTExYjM3MDYtMzg4MC00MjU4LTljZjAtYzdlMTFmYTJmYTE4XkEyXkFqcGdeQXVyNTAyODkwOQ@@._V1_UX67_CR0,0,67,98_AL_.jpg",Invasion of the Body Snatchers,1956,Approved,80 min,"Drama, Horror, Sci-Fi",7.7,A small-town doctor learns that the population of his community is being replaced by emotionless alien duplicates.,92,Don Siegel,Kevin McCarthy,Dana Wynter,Larry Gates,King Donovan,44839,,s2093,Movie,Don Siegel,"Kevin McCarthy, King Donovan, Dana Wynter, Larry Gates",,,1956,PG,80 min,"Drama, Horror, Science Fiction",A small-town doctor learns that the population of his community is being replaced by emotionless alien duplicates.,,,,,,,,,,,,,,,,,,,,,,,,,,,,,,,,,,,,,,,1
"https://m.media-amazon.com/images/M/MV5BMWM1ZDhlM2MtNDNmMi00MDk4LTg5MjgtODE4ODk1MjYxOTIwXkEyXkFqcGdeQXVyNjc0MzMzNjA@._V1_UX67_CR0,0,67,98_AL_.jpg",The Quiet Man,1952,Passed,129 min,"Comedy, Drama, Romance",7.7,"A retired American boxer returns to the village of his birth in Ireland, where he falls for a spirited redhead whose brother is contemptuous of their union.",,John Ford,John Wayne,Maureen O'Hara,Barry Fitzgerald,Ward Bond,34677,"10,550,000",s5006,Movie,John Ford,"John Wayne, Maureen O'Hara, Barry Fitzgerald, Ward Bond, Victor McLaglen",,,1952,13+,129 min,"Comedy, Drama","An American ex-boxer returns to Ireland to win the hand of a spirited young woman. He is confronted by local customs and the woman's belligerent brother. Set in the verdant Irish countryside, this film has beautiful scenery and local charm.",,,,,,,,,,,,,,,,,,,,,,,,,,,,,,,,,,,,,,,1
"https://m.media-amazon.com/images/M/MV5BYzM3YjE2NGMtODY3Zi00NTY0LWE4Y2EtMTE5YzNmM2U1NTg2XkEyXkFqcGdeQXVyMTY5Nzc4MDY@._V1_UX67_CR0,0,67,98_AL_.jpg",The African Queen,1951,PG,105 min,"Adventure, Drama, Romance",7.7,"In WWI Africa, a gin-swilling riverboat captain is persuaded by a strait-laced missionary to use his boat to attack an enemy warship.",91,John Huston,Humphrey Bogart,Katharine Hepburn,Robert Morley,Peter Bull,71481,"536,118",s774,Movie,John Huston,"Humphrey Bogart, Katharine Hepburn, Robert Morley, Peter Bull",,,1952,13+,105 min,"Adventure, Drama, Military and War","In Africa during WW1, a gin-swilling riverboat owner/captain is persuaded by a strait-laced missionary to use his boat to attack an enemy warship.",,,,,,,,,,,,,,,,,,,,,,,,,,,,,,,,,,,,,,,1
"https://m.media-amazon.com/images/M/MV5BMTc5NzQzNjk2NF5BMl5BanBnXkFtZTgwODU0MjI5NjE@._V1_UY98_CR0,0,67,98_AL_.jpg",Victoria,2015,,138 min,"Crime, Drama, Romance",7.6,A young Spanish woman who has recently moved to Berlin finds her flirtation with a local guy turn potentially deadly as their night out with his friends reveals a dangerous secret.,77,Sebastian Schipper,Laia Costa,Frederick Lau,Franz Rogowski,Burak Yigit,52903,,s5526,Movie,Ural Safin,"Nino Kantariya, Vitaliya Kornienko, Evgeniya Malakhova, Dmitriy Miller, Maksim Shchyogolev",,,2021,16+,89 min,"Action, Comedy","MMA fighter Kirill is living a typical bachelor lifestyle, until a 5 year old appears, daughter of one of his one-night stands. Kirill must find out who the girl is and find her mother. Gradually, he starts taking responsibility to her and finally becomes a grown-up himself - to fight and win.",,,,,,,,,,,,,,,,,,,,,,,,,,,,,,,,,,,,,,,1
"https://m.media-amazon.com/images/M/MV5BODhkZDIzNjgtOTA5ZS00MmMzLWFkNjYtM2Y2MzFjN2FkNjAzL2ltYWdlXkEyXkFqcGdeQXVyNTAyODkwOQ@@._V1_UY98_CR1,0,67,98_AL_.jpg",True Grit,2010,PG-13,110 min,"Drama, Western",7.6,A stubborn teenager enlists the help of a tough U.S. Marshal to track down her father's murderer.,80,Ethan Coen,Joel Coen,Jeff Bridges,Matt Damon,Hailee Steinfeld,311822,"171,243,005",s5313,Movie,Henry Hathaway,"John Wayne, Glen Campbell, Kim Darby, Jeremy Slate, Robert Duvall, Dennis Hopper, Strother Martin, John Fiedler",,,1969,G,128 min,"Action, Drama, Western","A drunken, hard-nosed U.S. Marshal and a Texas Ranger help a stubborn young woman track down her father's murderer in Indian territory.",,,,,,,,,,,,,,,,,,,,,,,,,,,,,,,,,,,,,,,1
"https://m.media-amazon.com/images/M/MV5BMjA4MjI2OTM5N15BMl5BanBnXkFtZTcwNDA1NjUzMw@@._V1_UX67_CR0,0,67,98_AL_.jpg",21 Grams,2003,UA,124 min,"Crime, Drama, Thriller",7.6,"A freak accident brings together a critically ill mathematician, a grieving mother, and a born-again ex-con.",70,Alejandro G. Iñárritu,Sean Penn,Benicio Del Toro,Naomi Watts,Danny Huston,224545,"16,290,476",s8167,Movie,Alejandro G. Iñárritu,"Sean Penn,  Benicio Del Toro,  Naomi Watts,  Danny Huston",,,2003,R,125 min,"Drama, Suspense","The emotionally and physically charged lives of three people – a professor (Sean Penn), an ex-con (Benicio Del Toro) and a mother with a reckless past (Naomi Watts) – collide in this thriller.",,,,,,,,,,,,,,,,,,,,,,,,,,,,,,,,,,,,,,,1
"https://m.media-amazon.com/images/M/MV5BZTI3YzZjZjEtMDdjOC00OWVjLTk0YmYtYzI2MGMwZjFiMzBlXkEyXkFqcGdeQXVyMTQxNzMzNDI@._V1_UX67_CR0,0,67,98_AL_.jpg",Minority Report,2002,A,145 min,"Action, Crime, Mystery",7.6,"In a future where a special police unit is able to arrest murderers before they commit their crimes, an officer from that unit is himself accused of a future murder.",80,Steven Spielberg,Tom Cruise,Colin Farrell,Samantha Morton,Max von Sydow,508417,"132,072,926",s6306,Movie,Steven Spielberg,"Tom Cruise, Colin Farrell, Samantha Morton, Max Von Sydow, Lois Smith",United States,,2002,PG-13,145 min,"Drama, Science Fiction","Set in Washington D.C. in 2054, where police utilize a psychic technology to arrest and convict murderers before they commit their crime. Tom Cruise plays the head of this Precrime unit and is himself accused of the future murder of a man he hasn't even met.",,,,,,,,,,,,,,,,,,,,,,,,,,,,,,,,,,,,,,,1
"https://m.media-amazon.com/images/M/MV5BMTA3OTYxMzg0MDFeQTJeQWpwZ15BbWU4MDY1MjY0MTEx._V1_UX67_CR0,0,67,98_AL_.jpg",The Hurricane,1999,R,146 min,"Biography, Drama, Sport",7.6,"The story of Rubin 'Hurricane' Carter, a boxer wrongly imprisoned for murder, and the people who aided in his fight to prove his innocence.",74,Norman Jewison,Denzel Washington,Vicellous Shannon,Deborah Kara Unger,Liev Schreiber,91557,"50,668,906",s6610,Movie,John Ford,"Dorothy Lamour, Jon Hall, Mary Astor",,,1938,13+,104 min,"Action, Drama, Romance",A Polynesian sailor – unjustly imprisoned after defending himself against a colonial bully – is relentlessly persecuted by his island's martinet French governor.,,,,,,,,,,,,,,,,,,,,,,,,,,,,,,,,,,,,,,,1
"https://m.media-amazon.com/images/M/MV5BNjEzYjJmNzgtNDkwNy00MTQ4LTlmMWMtNzA4YjE2NjI0ZDg4XkEyXkFqcGdeQXVyNjU0OTQ0OTY@._V1_UX67_CR0,0,67,98_AL_.jpg",Apollo 13,PG,U,140 min,"Adventure, Drama, History",7.6,NASA must devise a strategy to return Apollo 13 to Earth safely after the spacecraft undergoes massive internal damage putting the lives of the three astronauts on board in jeopardy.,77,Ron Howard,Tom Hanks,Bill Paxton,Kevin Bacon,Gary Sinise,269197,"173,837,933",s3231,Movie,"Noel Buckner, Rob Whittlesey","John Aaron, Fred Haise",,,1994,7+,51 min,Documentary,"They were 200,000 miles from Earth when an explosion crippled their spacecraft, stranding them, perhaps forever. Relive the thrilling true story of the catastrophic flight of Apollo 13 and the crew's heroic battle against the odds in this documentary, through first-hand accounts from the pilots, their families, and Mission Control.",,,,,,,,,,,,,,,,,,,,,,,,,,,,,,,,,,,,,,,1
"https://m.media-amazon.com/images/M/MV5BNjg5ZDM0MTEtYTZmNC00NDJiLWI5MTktYzk4N2QxY2IxZTc2L2ltYWdlXkEyXkFqcGdeQXVyNTAyODkwOQ@@._V1_UY98_CR3,0,67,98_AL_.jpg",Delicatessen,1991,R,99 min,"Comedy, Crime",7.6,Post-apocalyptic surrealist black comedy about the landlord of an apartment building who occasionally prepares a delicacy for his odd tenants.,66,Marc Caro,Jean-Pierre Jeunet,Marie-Laure Dougnac,Dominique Pinon,Pascal Benezech,80487,"1,794,187",s7674,Movie,"Jean-Pierre Jeunet, Marc Caro","Dominique Pinon, Marie-Laure Dougnac, Jean-Claude Dreyfus, Karin Viard, Rufus, Ticky Holgado, Jean-Francois Perrier",,,1992,R,99 min,"Comedy, Drama",Post-apocalyptic surrealist black comedy about the landlord of an apartment building who occasionally prepares a delicacy for his odd tenants.,,,,,,,,,,,,,,,,,,,,,,,,,,,,,,,,,,,,,,,1
"https://m.media-amazon.com/images/M/MV5BNWQ4MGZlZmYtZjY0MS00N2JhLWE0NmMtOTMwMTk4NDQ4NjE2XkEyXkFqcGdeQXVyNTI4MjkwNjA@._V1_UX67_CR0,0,67,98_AL_.jpg",On Golden Pond,1981,UA,109 min,Drama,7.6,"Norman is a curmudgeon with an estranged relationship with his daughter Chelsea. At Golden Pond, he and his wife nevertheless agree to care for Billy, the son of Chelsea's new boyfriend, and a most unexpected relationship blooms.",68,Mark Rydell,Katharine Hepburn,Henry Fonda,Jane Fonda,Doug McKeon,27650,"119,285,432",s9136,Movie,Mark Rydell,"Henry Fonda, Katherine Hepburn, Jane Fonda",,,1981,PG,109 min,Drama,"In his final role, Henry Fonda plays Norman Thayer, a prickly retired professor who visits his Maine summer home with his loving wife Ethel (Hepburn). Soon, they are joined by their daughter Chelsea (Jane Fonda), her fiancé Bill, and his son Billy. Norman develops a bond with Billy, providing the framework for a summer in which the Thayers' strained relationships are finally allowed to heal.",,,,,,,,,,,,,,,,,,,,,,,,,,,,,,,,,,,,,,,1
