Poster_Link,title,Released_Year,Certificate,Runtime,Genre,IMDB_Rating,Overview,Meta_score,Director,Star1,Star2,Star3,Star4,No_of_Votes,Gross,show_id,type,director,cast,country,date_added,release_year,rating,duration,listed_in,description,,,,,,,,,,DISNEY
"https://m.media-amazon.com/images/M/MV5BNjViNWRjYWEtZTI0NC00N2E3LTk0NGQtMjY4NTM3OGNkZjY0XkEyXkFqcGdeQXVyMjUxMTY3ODM@._V1_UX67_CR0,0,67,98_AL_.jpg",Hamilton,2020,PG-13,160 min,"Biography, Drama, History",8.6,"The real life of one of America's foremost founding fathers and first Secretary of the Treasury, Alexander Hamilton. Captured live on Broadway from the Richard Rodgers Theater with the original Broadway cast.",90,Thomas Kail,Lin-Manuel Miranda,Phillipa Soo,Leslie Odom Jr.,Renée Elise Goldsberry,55291,,s482,Movie,Thomas Kail,"Daveed Diggs, Renée Goldsberry, Jonathan Groff, Christopher Jackson, Jasmine Jones, Lin-Manuel Miranda",United States,3-Jul-20,2020,PG-13,160 min,"Biographical, Historical, Musical",The filmed version of Broadway original “Hamilton” that soars in music and tale.,,,,,,,,,,1
"https://m.media-amazon.com/images/M/MV5BYTYxNGMyZTYtMjE3MS00MzNjLWFjNmYtMDk3N2FmM2JiM2M1XkEyXkFqcGdeQXVyNjY5NDU4NzI@._V1_UX67_CR0,0,67,98_AL_.jpg",The Lion King,1994,U,88 min,"Animation, Adventure, Drama",8.5,"Lion prince Simba and his father are targeted by his bitter uncle, who wants to ascend the throne himself.",88,Roger Allers,Rob Minkoff,Matthew Broderick,Jeremy Irons,James Earl Jones,942045,"422,783,777",s632,Movie,Jon Favreau,"Donald Glover, Seth Rogen, Chiwetel Ejiofor, Alfre Woodard, Billy Eichner, John Kani","United States, United Kingdom, South Africa",28-Jan-20,2019,PG,125 min,"Action-Adventure, Coming of Age, Drama",Disney’s The Lion King comes to life in a whole new way.,,,,,,,,,,1
"https://m.media-amazon.com/images/M/MV5BYjQ5NjM0Y2YtNjZkNC00ZDhkLWJjMWItN2QyNzFkMDE3ZjAxXkEyXkFqcGdeQXVyODIxMzk5NjA@._V1_UY98_CR1,0,67,98_AL_.jpg",Coco,2017,U,105 min,"Animation, Adventure, Family",8.4,"Aspiring musician Miguel, confronted with his family's ancestral ban on music, enters the Land of the Dead to find his great-great-grandfather, a legendary singer.",81,Lee Unkrich,Adrian Molina,Anthony Gonzalez,Gael García Bernal,Benjamin Bratt,384171,"209,726,015",s700,Movie,Lee Unkrich,"Anthony Gonzalez, Gael Bernal, Benjamin Bratt, Alanna Ubach, Renée Victor, Jaime Camil",United States,29-Nov-19,2017,PG,105 min,"Animation, Family, Fantasy",Miguel journeys to the magical land of his ancestors.,,,,,,,,,,1
"https://m.media-amazon.com/images/M/MV5BMDU2ZWJlMjktMTRhMy00ZTA5LWEzNDgtYmNmZTEwZTViZWJkXkEyXkFqcGdeQXVyNDQ2OTk4MzI@._V1_UX67_CR0,0,67,98_AL_.jpg",Toy Story,1995,U,81 min,"Animation, Adventure, Comedy",8.3,A cowboy doll is profoundly threatened and jealous when a new spaceman figure supplants him as top toy in a boy's room.,95,John Lasseter,Tom Hanks,Tim Allen,Don Rickles,Jim Varney,887429,"191,796,233",s1378,Movie,John Lasseter,"Tom Hanks, Tim Allen, Don Rickles, Jim Varney, Wallace Shawn, John Ratzenberger",United States,12-Nov-19,1995,G,83 min,"Action-Adventure, Animation, Buddy","Meet Woody, Buzz and the gang in an adventure full of humor and heart.",,,,,,,,,,1
"https://m.media-amazon.com/images/M/MV5BMTk3NDE2NzI4NF5BMl5BanBnXkFtZTgwNzE1MzEyMTE@._V1_UX67_CR0,0,67,98_AL_.jpg",Up,2009,U,96 min,"Animation, Adventure, Comedy",8.2,"78-year-old Carl Fredricksen travels to Paradise Falls in his house equipped with balloons, inadvertently taking a young stowaway.",88,Pete Docter,Bob Peterson,Edward Asner,Jordan Nagai,John Ratzenberger,935507,"293,004,164",s1398,Movie,Pete Docter,"Ed Asner, Christopher Plummer, Jordan Nagai, Bob Peterson, Delroy Lindo, Jerome Ranft",United States,12-Nov-19,2009,PG,96 min,"Action-Adventure, Animation, Buddy",An unlikely pair set to the sky for the adventure of their lives.,,,,,,,,,,1
"https://m.media-amazon.com/images/M/MV5BMTgxOTY4Mjc0MF5BMl5BanBnXkFtZTcwNTA4MDQyMw@@._V1_UY98_CR1,0,67,98_AL_.jpg",Toy Story 3,2010,U,103 min,"Animation, Adventure, Comedy",8.2,"The toys are mistakenly delivered to a day-care center instead of the attic right before Andy leaves for college, and it's up to Woody to convince the other toys that they weren't abandoned and to return home.",92,Lee Unkrich,Tom Hanks,Tim Allen,Joan Cusack,Ned Beatty,757032,"415,004,880",s1380,Movie,Lee Unkrich,"Tom Hanks, Tim Allen, Joan Cusack, Don Rickles, Wallace Shawn, John Ratzenberger",United States,12-Nov-19,2010,G,103 min,"Animation, Comedy, Drama","Woody, Buzz and the gang return for more adventures with new friends.",,,,,,,,,,1
"https://m.media-amazon.com/images/M/MV5BZGE1MDg5M2MtNTkyZS00MTY5LTg1YzUtZTlhZmM1Y2EwNmFmXkEyXkFqcGdeQXVyNjA3OTI0MDc@._V1_UX67_CR0,0,67,98_AL_.jpg",Soul,2020,U,100 min,"Animation, Adventure, Comedy",8.1,"After landing the gig of a lifetime, a New York jazz pianist suddenly finds himself trapped in a strange land between Earth and the afterlife.",83,Pete Docter,Kemp Powers,Jamie Foxx,Tina Fey,Graham Norton,159171,,s330,Movie,Pete Docter,"Jamie Foxx, Tina Fey, Angela Bassett, Ahmir-Khalib ""Questlove"" Thompson, Phylicia Rashad, Daveed Diggs",United States,25-Dec-20,2020,PG,107 min,"Animation, Comedy, Family","Jamie Foxx stars in Pixar’s ""Soul,"" a comedy about what makes you... YOU.",,,,,,,,,,1
"https://m.media-amazon.com/images/M/MV5BOTgxMDQwMDk0OF5BMl5BanBnXkFtZTgwNjU5OTg2NDE@._V1_UX67_CR0,0,67,98_AL_.jpg",Inside Out,2015,U,95 min,"Animation, Adventure, Comedy",8.1,"After young Riley is uprooted from her Midwest life and moved to San Francisco, her emotions - Joy, Fear, Anger, Disgust and Sadness - conflict on how best to navigate a new city, house, and school.",94,Pete Docter,Ronnie Del Carmen,Amy Poehler,Bill Hader,Lewis Black,616228,"356,461,711",s962,Movie,Pete Docter,"Amy Poehler, Phyllis Smith, Richard Kind, Bill Hader, Lewis Black, Mindy Kaling",United States,12-Nov-19,2015,PG,95 min,"Animation, Coming of Age, Family",Five Emotions must work overtime when a young girl moves to a new city.,,,,,,,,,,1
"https://m.media-amazon.com/images/M/MV5BZTAzNWZlNmUtZDEzYi00ZjA5LWIwYjEtZGM1NWE1MjE4YWRhXkEyXkFqcGdeQXVyNjU0OTQ0OTY@._V1_UX67_CR0,0,67,98_AL_.jpg",Finding Nemo,2003,U,100 min,"Animation, Adventure, Comedy",8.1,"After his son is captured in the Great Barrier Reef and taken to Sydney, a timid clownfish sets out on a journey to bring him home.",90,Andrew Stanton,Lee Unkrich,Albert Brooks,Ellen DeGeneres,Alexander Gould,949565,"380,843,261",s890,Movie,Andrew Stanton,"Albert Brooks, Ellen DeGeneres, Alexander Gould, Willem Dafoe, Brad Garrett, Allison Janney","United States, Australia",12-Nov-19,2003,G,103 min,"Action-Adventure, Animation, Comedy",Marlin makes an epic journey to bring Nemo home when he's taken by divers.,,,,,,,,,,1
"https://m.media-amazon.com/images/M/MV5BMTY1NTI0ODUyOF5BMl5BanBnXkFtZTgwNTEyNjQ0MDE@._V1_UX67_CR0,0,67,98_AL_.jpg","Monsters, Inc.",2001,U,92 min,"Animation, Adventure, Comedy",8.1,"In order to power the city, monsters have to scare children so that they scream. However, the children are toxic to the monsters, and after a child gets through, 2 monsters realize things may not be what they think.",79,Pete Docter,David Silverman,Lee Unkrich,Billy Crystal,John Goodman,815505,"289,916,256",s1092,Movie,Pete Docter,"John Goodman, Billy Crystal, Mary Gibbs, Steve Buscemi, James Coburn, Jennifer Tilly",United States,12-Nov-19,2001,G,93 min,"Animation, Buddy, Comedy",A little girl named Boo wanders into the world of monsters.,,,,,,,,,,1
"https://m.media-amazon.com/images/M/MV5BNjJkYTc5N2UtMGRlMC00M2FmLTk0ZWMtOTYxNDUwNjI2YzljXkEyXkFqcGdeQXVyNDg4NjY5OTQ@._V1_UX67_CR0,0,67,98_AL_.jpg",Togo,2019,U,113 min,"Adventure, Biography, Drama",8,"The story of Togo, the sled dog who led the 1925 serum run yet was considered by most to be too small and weak to lead such an intense race.",69,Ericson Core,Willem Dafoe,Julianne Nicholson,Christopher Heyerdahl,Richard Dormer,37556,,s681,Movie,Ericson Core,"Willem Dafoe, Julianne Nicholson, Christopher Heyerdahl, Richard Dormer, Michael Greyeyes, Michael McElhatton",United States,20-Dec-19,2019,PG,117 min,"Action-Adventure, Animals & Nature, Family",An exhilarating and uplifting adventure set in the winter of 1925 of one man and his lead sled dog.,,,,,,,,,,1
"https://m.media-amazon.com/images/M/MV5BOTMyMjEyNzIzMV5BMl5BanBnXkFtZTgwNzIyNjU0NzE@._V1_UX67_CR0,0,67,98_AL_.jpg",Zootopia,2016,U,108 min,"Animation, Adventure, Comedy",8,"In a city of anthropomorphic animals, a rookie bunny cop and a cynical con artist fox must work together to uncover a conspiracy.",78,Byron Howard,Rich Moore,Jared Bush,Ginnifer Goodwin,Jason Bateman,434143,"341,268,248",s1429,Movie,"Byron Howard, Rich Moore","Ginnifer Goodwin, Jason Bateman, Idris Elba, Jenny Slate, Nate Torrence, Bonnie Hunt",United States,12-Nov-19,2016,PG,109 min,"Animation, Comedy, Family",A rookie-cop rabbit and wily fox team up to crack a case.,,,,,,,,,,1
"https://m.media-amazon.com/images/M/MV5BMTMzODU0NTkxMF5BMl5BanBnXkFtZTcwMjQ4MzMzMw@@._V1_UX67_CR0,0,67,98_AL_.jpg",Ratatouille,2007,U,111 min,"Animation, Adventure, Comedy",8,A rat who can cook makes an unusual alliance with a young kitchen worker at a famous restaurant.,96,Brad Bird,Jan Pinkava,Brad Garrett,Lou Romano,Patton Oswalt,641645,"206,445,654",s1153,Movie,Brad Bird,"Patton Oswalt, Ian Holm, Lou Romano, Brian Dennehy, Peter Sohn, Peter O'Toole",United States,12-Nov-19,2007,G,111 min,"Animation, Comedy, Family",A determined young rat dreams of becoming a French chef.,,,,,,,,,,1
"https://m.media-amazon.com/images/M/MV5BNGYyZGM5MGMtYTY2Ni00M2Y1LWIzNjQtYWUzM2VlNGVhMDNhXkEyXkFqcGdeQXVyMTMxODk2OTU@._V1_UX67_CR0,0,67,98_AL_.jpg",Pirates of the Caribbean: The Curse of the Black Pearl,2003,UA,143 min,"Action, Adventure, Fantasy",8,"Blacksmith Will Turner teams up with eccentric pirate ""Captain"" Jack Sparrow to save his love, the governor's daughter, from Jack's former pirate allies, who are now undead.",63,Gore Verbinski,Johnny Depp,Geoffrey Rush,Orlando Bloom,Keira Knightley,1015122,"305,413,918",s1134,Movie,Gore Verbinski,"Johnny Depp, Geoffrey Rush, Orlando Bloom, Keira Knightley, Jack Davenport, Kevin McNally",United States,12-Nov-19,2003,PG-13,144 min,"Action-Adventure, Fantasy",Jack Sparrow and Will Turner partner to save the governor's daughter.,,,,,,,,,,1
"https://m.media-amazon.com/images/M/MV5BMTY5OTU0OTc2NV5BMl5BanBnXkFtZTcwMzU4MDcyMQ@@._V1_UX67_CR0,0,67,98_AL_.jpg",The Incredibles,2004,U,115 min,"Animation, Action, Adventure",8,"A family of undercover superheroes, while trying to live the quiet suburban life, are forced into action to save the world.",90,Brad Bird,Craig T. Nelson,Samuel L. Jackson,Holly Hunter,Jason Lee,657047,"261,441,092",s1291,Movie,Brad Bird,"Craig Nelson, Holly Hunter, Samuel Jackson, Jason Lee, Dominique Louis, Teddy Newton",United States,12-Nov-19,2004,PG,116 min,"Action-Adventure, Animation, Family","A family of Supers, forced to adopt civilian lives, returns to action.",,,,,,,,,,1
"https://m.media-amazon.com/images/M/MV5BNmE1MDk4OWEtYjk1NS00MWU2LTk5ZWItYjZhYmRkODRjMDc0XkEyXkFqcGdeQXVyNjE5MjUyOTM@._V1_UX67_CR0,0,67,98_AL_.jpg",The Straight Story,1999,U,112 min,"Biography, Drama",8,An old man makes a long journey by lawnmower to mend his relationship with an ill brother.,86,David Lynch,Richard Farnsworth,Sissy Spacek,Jane Galloway Heitz,Joseph A. Carpenter,82002,"6,203,044",s593,Movie,David Lynch,"Richard Farnsworth, Sissy Spacek, Harry Stanton, Everett McGill, John Farley, Kevin Farley","France, United Kingdom, United States",3-Apr-20,1999,G,112 min,"Biographical, Drama",Story of a man who takes a six week trip on his riding lawn mower.,,,,,,,,,,1
"https://m.media-amazon.com/images/M/MV5BMzE5MDM1NDktY2I0OC00YWI5LTk2NzUtYjczNDczOWQxYjM0XkEyXkFqcGdeQXVyMTQxNzMzNDI@._V1_UX67_CR0,0,67,98_AL_.jpg",Beauty and the Beast,1991,G,84 min,"Animation, Family, Fantasy",8,A prince cursed to spend his days as a hideous monster sets out to regain his humanity by earning a young woman's love.,95,Gary Trousdale,Kirk Wise,Paige O'Hara,Robby Benson,Jesse Corti,417178,"218,967,620",s424,Movie,Bill Condon,"Emma Watson, Dan Stevens, Luke Evans, Kevin Kline, Josh Gad, Ewan McGregor",United States,21-Aug-20,2017,PG,138 min,"Family, Fantasy, Musical",Belle must look beyond the Beast’s exterior to find the true Prince within.,,,,,,,,,,1
"https://m.media-amazon.com/images/M/MV5BMGM4M2Q5N2MtNThkZS00NTc1LTk1NTItNWEyZjJjNDRmNDk5XkEyXkFqcGdeQXVyMjA0MDQ0Mjc@._V1_UX67_CR0,0,67,98_AL_.jpg",The Princess Bride,1987,U,98 min,"Adventure, Family, Fantasy",8,"While home sick in bed, a young boy's grandfather reads him the story of a farmboy-turned-pirate who encounters numerous obstacles, enemies and allies in his quest to be reunited with his true love.",77,Rob Reiner,Cary Elwes,Mandy Patinkin,Robin Wright,Chris Sarandon,393899,"30,857,814",s548,Movie,Rob Reiner,"Cary Elwes, Mandy Patinkin, Chris Sarandon, Christopher Guest, Wallace Shawn, Andre the Giant","United Kingdom, United States",1-May-20,1987,PG,99 min,"Action-Adventure, Comedy, Family",A man regales his ailing grandson with a tale of romance and adventure in a lighthearted fairy tale.,,,,,,,,,,1
"https://m.media-amazon.com/images/M/MV5BODIxNjhkYjEtYzUyMi00YTNjLWE1YjktNjAyY2I2MWNkNmNmL2ltYWdlL2ltYWdlXkEyXkFqcGdeQXVyMTQxNzMzNDI@._V1_UY98_CR1,0,67,98_AL_.jpg",The Sound of Music,1965,U,172 min,"Biography, Drama, Family",8,A woman leaves an Austrian convent to become a governess to the children of a Naval officer widower.,63,Robert Wise,Julie Andrews,Christopher Plummer,Eleanor Parker,Richard Haydn,205425,"163,214,286",s1340,Movie,Robert Wise,"Julie Andrews, Christopher Plummer, Richard Haydn, Peggy Wood, Evadne Baker, Portia Nelson",United States,12-Nov-19,1965,G,175 min,"Biographical, Family, Historical",A governess wins the hearts of many and leads the Von Trapp family to their 1938 flight to freedom.,,,,,,,,,,1
"https://m.media-amazon.com/images/M/MV5BZDQwOWQ2NmUtZThjZi00MGM0LTkzNDctMzcyMjcyOGI1OGRkXkEyXkFqcGdeQXVyMTA3MDk2NDg2._V1_UX67_CR0,0,67,98_AL_.jpg",Isle of Dogs,2018,U,101 min,"Animation, Adventure, Comedy",7.9,"Set in Japan, Isle of Dogs follows a boy's odyssey in search of his lost dog.",82,Wes Anderson,Bryan Cranston,Koyu Rankin,Edward Norton,Bob Balaban,139114,"32,015,231",s314,Movie,Wes Anderson,"Bryan Cranston, Koyu Rankin, Edward Norton, Bob Balaban, Jeff Goldblum, Bill Murray","United States, Germany, United Kingdom",15-Jan-21,2018,PG-13,102 min,"Action-Adventure, Animation, Comedy","Set in Japan, ISLE OF DOGS follows a boy's odyssey in search of his dog.",,,,,,,,,,1
"https://m.media-amazon.com/images/M/MV5BZGIzNWYzN2YtMjcwYS00YjQ3LWI2NjMtOTNiYTUyYjE2MGNkXkEyXkFqcGdeQXVyMTQxNzMzNDI@._V1_UX67_CR0,0,67,98_AL_.jpg",X-Men: Days of Future Past,2014,UA,132 min,"Action, Adventure, Sci-Fi",7.9,The X-Men send Wolverine to the past in a desperate effort to change history and prevent an event that results in doom for both humans and mutants.,75,Bryan Singer,Patrick Stewart,Ian McKellen,Hugh Jackman,James McAvoy,659763,"233,921,534",s478,Movie,Bryan Singer,"Hugh Jackman, James McAvoy, Michael Fassbender, Jennifer Lawrence, Halle Berry, Nicholas Hoult","United States, United Kingdom, Canada",10-Jul-20,2014,PG-13,132 min,"Action-Adventure, Family, Science Fiction",Characters from the X-Men trilogy join their younger selves to change the past and save our future.,,,,,,,,,,1
"https://m.media-amazon.com/images/M/MV5BOGUwYTU4NGEtNDM4MS00NDRjLTkwNmQtOTkwMWMyMjhmMjdlXkEyXkFqcGdeQXVyMTMxODk2OTU@._V1_UX67_CR0,0,67,98_AL_.jpg",Fantastic Mr. Fox,2009,PG,87 min,"Animation, Adventure, Comedy",7.9,An urbane fox cannot resist returning to his farm raiding ways and then must help his community survive the farmers' retaliation.,83,Wes Anderson,George Clooney,Meryl Streep,Bill Murray,Jason Schwartzman,199696,"21,002,919",s523,Movie,Wes Anderson,"George Clooney, Meryl Streep, Jason Schwartzman, Bill Murray, Wally Wolodarsky, Eric Anderson","United States, United Kingdom",22-May-20,2009,PG,88 min,"Animation, Comedy, Crime",Mr. Fox lives a happy life until he plots the greatest chicken heist the world has ever seen.,,,,,,,,,,1
"https://m.media-amazon.com/images/M/MV5BMWM5ZDcxMTYtNTEyNS00MDRkLWI3YTItNThmMGExMWY4NDIwXkEyXkFqcGdeQXVyNjUwNzk3NDc@._V1_UX67_CR0,0,67,98_AL_.jpg",Toy Story 2,1999,U,92 min,"Animation, Adventure, Comedy",7.9,"When Woody is stolen by a toy collector, Buzz and his friends set out on a rescue mission to save Woody before he becomes a museum toy property with his roundup gang Jessie, Prospector, and Bullseye.",88,John Lasseter,Ash Brannon,Lee Unkrich,Tom Hanks,Tim Allen,527512,"245,852,179",s1379,Movie,John Lasseter,"Tom Hanks, Tim Allen, Joan Cusack, Kelsey Grammer, Don Rickles, Jim Varney",United States,12-Nov-19,1999,G,93 min,"Action-Adventure, Animation, Comedy","Join Woody, Buzz, Jessie and the gang to boldly rescue one of their own.",,,,,,,,,,1
"https://m.media-amazon.com/images/M/MV5BMzg2Mzg4YmUtNDdkNy00NWY1LWE3NmEtZWMwNGNlMzE5YzU3XkEyXkFqcGdeQXVyMjA5MTIzMjQ@._V1_UX67_CR0,0,67,98_AL_.jpg",Hidden Figures,2016,UA,127 min,"Biography, Drama, History",7.8,The story of a team of female African-American mathematicians who served a vital role in NASA during the early years of the U.S. space program.,74,Theodore Melfi,Taraji P. Henson,Octavia Spencer,Janelle Monáe,Kevin Costner,200876,"169,607,287",s400,Movie,Theodore Melfi,"Taraji Henson, Octavia Spencer, Janelle Monáe, Kevin Costner, Kirsten Dunst, Jim Parsons",United States,25-Sep-20,2016,PG,128 min,"Biographical, Drama, Family",A story about three women at NASA who helped launch John Glenn into orbit.,,,,,,,,,,1
"https://m.media-amazon.com/images/M/MV5BMDliOTIzNmUtOTllOC00NDU3LWFiNjYtMGM0NDc1YTMxNjYxXkEyXkFqcGdeQXVyNTM3NzExMDQ@._V1_UY98_CR1,0,67,98_AL_.jpg",Big Hero 6,2014,U,102 min,"Animation, Action, Adventure",7.8,"A special bond develops between plus-sized inflatable robot Baymax and prodigy Hiro Hamada, who together team up with a group of friends to form a band of high-tech heroes.",74,Don Hall,Chris Williams,Ryan Potter,Scott Adsit,Jamie Chung,410983,"222,527,828",s751,Movie,"Don Hall, Chris Williams","Scott Adsit, Ryan Potter, Daniel Henney, T. J. Miller, Jamie Chung, Damon Wayans Jr.",United States,12-Nov-19,2014,PG,105 min,"Action-Adventure, Animation, Family",A boy genius and his robot team up to save their city.,,,,,,,,,,1
"https://m.media-amazon.com/images/M/MV5BMTYzMDM4NzkxOV5BMl5BanBnXkFtZTgwNzM1Mzg2NzM@._V1_UX67_CR0,0,67,98_AL_.jpg",Toy Story 4,2019,U,100 min,"Animation, Adventure, Comedy",7.8,"When a new toy called ""Forky"" joins Woody and the gang, a road trip alongside old and new friends reveals how big the world can be for a toy.",84,Josh Cooley,Tom Hanks,Tim Allen,Annie Potts,Tony Hale,203177,"434,038,008",s627,Movie,Josh Cooley,"Tom Hanks, Tim Allen, Annie Potts, Tony Hale, Keegan-Michael Key, Madeleine McGraw",United States,5-Feb-20,2019,G,101 min,"Action-Adventure, Animation, Comedy",Pixar Animation Studios proudly presents the adventure of a lifetime!,,,,,,,,,,1
"https://m.media-amazon.com/images/M/MV5BMTYwOTEwNjAzMl5BMl5BanBnXkFtZTcwODc5MTUwMw@@._V1_UX67_CR0,0,67,98_AL_.jpg",Avatar,2009,UA,162 min,"Action, Adventure, Fantasy",7.8,A paraplegic Marine dispatched to the moon Pandora on a unique mission becomes torn between following his orders and protecting the world he feels is his home.,83,James Cameron,Sam Worthington,Zoe Saldana,Sigourney Weaver,Michelle Rodriguez,1118998,"760,507,625",s736,Movie,James Cameron,"Sam Worthington, Zoë Saldana, Sigourney Weaver, Stephen Lang, Michelle Rodriguez, Giovanni Ribisi",United States,12-Nov-19,2009,PG-13,162 min,"Action-Adventure, Science Fiction",A man embarks on an adventure to an exotic world that he learns to call home & fights to protect.,,,,,,,,,,1
"https://m.media-amazon.com/images/M/MV5BYThkMzgxNjEtMzFiOC00MTI0LWI5MDItNDVmYjA4NzY5MDQ2L2ltYWdlL2ltYWdlXkEyXkFqcGdeQXVyMTQxNzMzNDI@._V1_UX67_CR0,0,67,98_AL_.jpg",Remember the Titans,2000,U,113 min,"Biography, Drama, Sport",7.8,The true story of a newly appointed African-American coach and his high school team on their first season as a racially integrated unit.,48,Boaz Yakin,Denzel Washington,Will Patton,Wood Harris,Ryan Hurst,198089,"115,654,751",s1160,Movie,Boaz Yakin,"Denzel Washington, Will Patton, Donald Faison, Wood Harris, Ryan Hurst, Ethan Suplee",United States,12-Nov-19,2000,PG,114 min,"Drama, Historical, Sports",An African-American coach leads a newly integrated high school football team in 1970s Virginia.,,,,,,,,,,1
"https://m.media-amazon.com/images/M/MV5BODllYjM1ODItYjBmOC00MzkwLWJmM2YtMjMyZDU3MGJhNjc4L2ltYWdlL2ltYWdlXkEyXkFqcGdeQXVyMTQxNzMzNDI@._V1_UX67_CR0,0,67,98_AL_.jpg",The Sandlot,1993,U,101 min,"Comedy, Drama, Family",7.8,"In the summer of 1962, a new kid in town is taken under the wing of a young baseball prodigy and his rowdy team, resulting in many adventures.",55,David Mickey Evans,Tom Guiry,Mike Vitar,Art LaFleur,Patrick Renna,78963,"32,416,586",s186,Movie,David Mickey Evans,"Art La Fleur, Tom Guiry, Mike Vitar, Patrick Renna, Chauncey Leopardi, Marty York",United States,2-Jul-21,1993,PG,101 min,"Comedy, Coming of Age, Family",A shy boy moves to a new neighborhood and becomes involved with a ragtag baseball team.,,,,,,,,,,1
"https://m.media-amazon.com/images/M/MV5BOTUwMDA3MTYtZjhjMi00ODFmLTg5ZTAtYzgwN2NlODgzMmUwXkEyXkFqcGdeQXVyNjc1NTYyMjg@._V1_UX67_CR0,0,67,98_AL_.jpg",The Right Stuff,1983,PG,193 min,"Adventure, Biography, Drama",7.8,"The story of the original Mercury 7 astronauts and their macho, seat-of-the-pants approach to the space program.",91,Philip Kaufman,Sam Shepard,Scott Glenn,Ed Harris,Dennis Quaid,56235,"21,500,000",s395,TV Show,,"Jake McDorman, Patrick Adams, Colin O’Donoghue, Eloise Mumford, James Lafferty, Nora Zehetner",United States,9-Oct-20,2020,TV-14,1 Season,"Drama, Historical",The incredible story of the Mercury Seven astronauts and their extraordinary achievements.,,,,,,,,,,1
"https://m.media-amazon.com/images/M/MV5BNmJkODczNjItNDI5Yy00MGI1LTkyOWItZDNmNjM4ZGI1ZDVlL2ltYWdlL2ltYWdlXkEyXkFqcGdeQXVyMDI2NDg0NQ@@._V1_UX67_CR0,0,67,98_AL_.jpg",Mary Poppins,1964,U,139 min,"Comedy, Family, Fantasy",7.8,"In turn of the century London, a magical nanny employs music and adventure to help two neglected children become closer to their father.",88,Robert Stevenson,Julie Andrews,Dick Van Dyke,David Tomlinson,Glynis Johns,158029,"102,272,727",s1065,Movie,Robert Stevenson,"Julie Andrews, Dick Van Dyke, David Tomlinson, Glynis Johns, Hermione Baddeley, Karen Dotrice",United States,12-Nov-19,1964,G,142 min,"Family, Fantasy, Musical",A magical nanny reconnects a father and mother with their two children.,,,,,,,,,,1
"https://m.media-amazon.com/images/M/MV5BNTVkMTFiZWItOTFkOC00YTc3LWFhYzQtZTg3NzAxZjJlNTAyXkEyXkFqcGdeQXVyODE5NzE3OTE@._V1_UX67_CR0,0,67,98_AL_.jpg",The Fault in Our Stars,2014,UA,126 min,"Drama, Romance",7.7,Two teenage cancer patients begin a life-affirming journey to visit a reclusive author in Amsterdam.,69,Josh Boone,Shailene Woodley,Ansel Elgort,Nat Wolff,Laura Dern,344312,"124,872,350",s96,Movie,Josh Boone,"Shailene Woodley, Ansel Elgort, Laura Dern, Sam Trammell, Nat Wolff, Willem Dafoe",United States,24-Sep-21,2014,PG-13,127 min,"Coming of Age, Drama, Romance",Hazel and Gus share a love that sweeps them on an unforgettable journey.,,,,,,,,,,1
"https://m.media-amazon.com/images/M/MV5BNzMxNTExOTkyMF5BMl5BanBnXkFtZTcwMzEyNDc0OA@@._V1_UX67_CR0,0,67,98_AL_.jpg",Wreck-It Ralph,2012,U,101 min,"Animation, Adventure, Comedy",7.7,"A video game villain wants to be a hero and sets out to fulfill his dream, but his quest brings havoc to the whole arcade where he lives.",72,Rich Moore,John C. Reilly,Jack McBrayer,Jane Lynch,Sarah Silverman,380195,"189,422,889",s1417,Movie,Rich Moore,"John Reilly, Sarah Silverman, Jack McBrayer, Jane Lynch, Alan Tudyk, Mindy Kaling",United States,12-Nov-19,2012,PG,103 min,"Action-Adventure, Animation, Comedy",Ralph sets out to prove that he is a true hero in his arcade.,,,,,,,,,,1
"https://m.media-amazon.com/images/M/MV5BMTAxNDYxMjg0MjNeQTJeQWpwZ15BbWU3MDcyNTk2OTM@._V1_UX67_CR0,0,67,98_AL_.jpg",Tangled,2010,U,100 min,"Animation, Adventure, Comedy",7.7,"The magically long-haired Rapunzel has spent her entire life in a tower, but now that a runaway thief has stumbled upon her, she is about to discover the world for the first time, and who she really is.",71,Nathan Greno,Byron Howard,Mandy Moore,Zachary Levi,Donna Murphy,405922,"200,821,936",s1231,Movie,"Nathan Greno, Byron Howard","Mandy Moore, Zachary Levi, Donna Murphy, Ron Perlman, M.C. Gainey, Jeffrey Tambor",United States,12-Nov-19,2010,PG,101 min,"Action-Adventure, Animation, Family","Rapunzel and Flynn set off on a hilarious, hair-raising escapade.",,,,,,,,,,1
"https://m.media-amazon.com/images/M/MV5BN2Y0NWRkNWItZWEwNi00MDNlLWJmZDYtNTkwYzI5Nzg4MjVjXkEyXkFqcGdeQXVyMTMxODk2OTU@._V1_UX67_CR0,0,67,98_AL_.jpg",The Muppet Christmas Carol,1992,G,85 min,"Comedy, Drama, Family",7.7,The Muppet characters tell their version of the classic tale of an old and bitter miser's redemption on Christmas Eve.,64,Brian Henson,Michael Caine,Kermit the Frog,Dave Goelz,Miss Piggy,50298,"27,281,507",s1309,Movie,Brian Henson,"Michael Caine, Steve Whitmire, Frank Oz, Dave Goelz, Jerry Nelson, David Rudman","United States, United Kingdom",12-Nov-19,1992,G,87 min,"Comedy, Drama, Family",The Muppets present their own touching rendition of Charles Dickens' classic tale.,,,,,,,,,,1
"https://m.media-amazon.com/images/M/MV5BMDhiOTM2OTctODk3Ny00NWI4LThhZDgtNGQ4NjRiYjFkZGQzXkEyXkFqcGdeQXVyMTA0MjU0Ng@@._V1_UX67_CR0,0,67,98_AL_.jpg",Who Framed Roger Rabbit,1988,U,104 min,"Animation, Adventure, Comedy",7.7,A toon-hating detective is a cartoon rabbit's only hope to prove his innocence when he is accused of murder.,83,Robert Zemeckis,Bob Hoskins,Christopher Lloyd,Joanna Cassidy,Charles Fleischer,182009,"156,452,370",s1406,Movie,Robert Zemeckis,"Bob Hoskins, Christopher Lloyd, Stubby Kaye, Joanna Cassidy, Alan Tilvern, Richard LeParmentier",United States,12-Nov-19,1988,PG,104 min,"Action-Adventure, Animation, Comedy",A juicy mystery filled with loony fun pairs a Toon-hating detective with a cartoon rabbit.,,,,,,,,,,1
"https://m.media-amazon.com/images/M/MV5BMjAxMTI1Njk3OF5BMl5BanBnXkFtZTgwNjkzODk4NTE@._V1_UX67_CR0,0,67,98_AL_.jpg",Fantasia,1940,G,125 min,"Animation, Family, Fantasy",7.7,A collection of animated interpretations of great works of Western classical music.,96,James Algar,Samuel Armstrong,Ford Beebe Jr.,Norman Ferguson,David Hand,88662,"76,408,097",s884,Movie,"Samuel Armstrong, James Algar, Bill Roberts","Deems Taylor, Walt Disney, Leopold Stokowski",United States,12-Nov-19,1940,G,126 min,"Animation, Family, Fantasy",Walt Disney's timeless masterpiece is an extravaganza of sight and sound. See details for advisory.,,,,,,,,,,1
"https://m.media-amazon.com/images/M/MV5BMTEzNzY0OTg0NTdeQTJeQWpwZ15BbWU4MDU3OTg3MjUz._V1_UX67_CR0,0,67,98_AL_.jpg",Incredibles 2,2018,UA,118 min,"Animation, Action, Adventure",7.6,The Incredibles family takes on a new mission which involves a change in family roles: Bob Parr (Mr. Incredible) must manage the house while his wife Helen (Elastigirl) goes out to save the world.,80,Brad Bird,Craig T. Nelson,Holly Hunter,Sarah Vowell,Huck Milner,250057,"608,581,744",s455,Movie,Brad Bird,"Craig Nelson, Holly Hunter, Sarah Vowell, Huckleberry Milner, Catherine Keener, Eli Fucile",United States,31-Jul-20,2018,PG,118 min,"Action-Adventure, Animation, Family",The Incredibles spring into action when a dangerous new villain emerges.,,,,,,,,,,1
"https://m.media-amazon.com/images/M/MV5BMjI4MzU5NTExNF5BMl5BanBnXkFtZTgwNzY1MTEwMDI@._V1_UX67_CR0,0,67,98_AL_.jpg",Moana,2016,U,107 min,"Animation, Adventure, Comedy",7.6,"In Ancient Polynesia, when a terrible curse incurred by the Demigod Maui reaches Moana's island, she answers the Ocean's call to seek out the Demigod to set things right.",81,Ron Clements,John Musker,Don Hall,Chris Williams,Auli'i Cravalho,272784,"248,757,044",s1089,Movie,"John Musker, Ron Clements","Auli'i Cravalho, Dwayne Johnson, Rachel House, Temuera Morrison, Nicole Scherzinger, Jemaine Clement",United States,12-Nov-19,2016,PG,108 min,"Action-Adventure, Animation, Family",Moana and Maui set sail on a journey across the ocean to save the world.,,,,,,,,,,1
"https://m.media-amazon.com/images/M/MV5BODkxNGQ1NWYtNzg0Ny00Yjg3LThmZTItMjE2YjhmZTQ0ODY5XkEyXkFqcGdeQXVyMTQxNzMzNDI@._V1_UX67_CR0,0,67,98_AL_.jpg",Mulan,1998,U,88 min,"Animation, Adventure, Family",7.6,"To save her father from death in the army, a young maiden secretly goes in his place and becomes one of China's greatest heroines in the process.",71,Tony Bancroft,Barry Cook,Ming-Na Wen,Eddie Murphy,BD Wong,256906,"120,620,254",s348,Movie,Niki Caro,"Yifei Liu, Donnie Yen, Gong Li, Jet Li, Jason Lee, Yoson An","United States, Canada, Hong Kong",4-Dec-20,2020,PG-13,117 min,"Action-Adventure, Coming of Age, Drama",A young woman risks it all to be a great Chinese warrior in Disney’s MULAN.,,,,,,,,,,1
"https://m.media-amazon.com/images/M/MV5BMzFkM2YwOTQtYzk2Mi00N2VlLWE3NTItN2YwNDg1YmY0ZDNmXkEyXkFqcGdeQXVyMTMxODk2OTU@._V1_UX67_CR0,0,67,98_AL_.jpg",Home Alone,1990,U,103 min,"Comedy, Family",7.6,An eight-year-old troublemaker must protect his house from a pair of burglars when he is accidentally left home alone by his family during Christmas vacation.,63,Chris Columbus,Macaulay Culkin,Joe Pesci,Daniel Stern,John Heard,488817,"285,761,243",s365,Movie,Chris Columbus,"Macaulay Culkin, Joe Pesci, Daniel Stern, John Heard, Roberts Blossom, Catherine O'Hara",United States,13-Nov-20,1990,PG,103 min,"Comedy, Family","When Kevin is home while his family goes on a Christmas trip, he must defend his home from burglars.",,,,,,,,,,1
"https://m.media-amazon.com/images/M/MV5BN2JlZTBhYTEtZDE3OC00NTA3LTk5NTQtNjg5M2RjODllM2M0XkEyXkFqcGdeQXVyNjk1Njg5NTA@._V1_UX67_CR0,0,67,98_AL_.jpg",The Little Mermaid,1989,U,83 min,"Animation, Family, Fantasy",7.6,A mermaid princess makes a Faustian bargain in an attempt to become human and win a prince's love.,88,Ron Clements,John Musker,Jodi Benson,Samuel E. Wright,Rene Auberjonois,237696,"111,543,479",s1298,Movie,"Ron Clements, John Musker","René Auberjonois, Christopher Barnes, Jodi Benson, Pat Carroll, Paddi Edwards, Buddy Hackett",United States,12-Nov-19,1989,G,86 min,"Animation, Family, Fantasy",Dive into Disney fun with Ariel in The Little Mermaid.,,,,,,,,,,1
"https://m.media-amazon.com/images/M/MV5BMGQ0OGM5YjItYzYyMi00NmVmLWI3ODMtMTY2NGRkZmI5MWU2XkEyXkFqcGdeQXVyMzI0NDc4ODY@._V1_UX67_CR0,0,67,98_AL_.jpg",The Muppet Movie,1979,U,95 min,"Adventure, Comedy, Family",7.6,"Kermit and his newfound friends trek across America to find success in Hollywood, but a frog legs merchant is after Kermit.",74,James Frawley,Jim Henson,Frank Oz,Jerry Nelson,Richard Hunt,32802,"76,657,000",s1310,Movie,James Frawley,"Jim Henson, Frank Oz, Jerry Nelson, Richard Hunt, Dave Goelz, Charles Durning","United Kingdom, United States",12-Nov-19,1979,G,95 min,"Action-Adventure, Comedy, Family","On his way to Hollywood, Kermit dodges a villain eager to serve him up as fried frog-legs.",,,,,,,,,,1
"https://m.media-amazon.com/images/M/MV5BMjAwMTExODExNl5BMl5BanBnXkFtZTgwMjM2MDgyMTE@._V1_UX67_CR0,0,67,98_AL_.jpg",The Jungle Book,1967,U,78 min,"Animation, Adventure, Family",7.6,Bagheera the Panther and Baloo the Bear have a difficult time trying to convince a boy to leave the jungle for human civilization.,65,Wolfgang Reitherman,Phil Harris,Sebastian Cabot,Louis Prima,Bruce Reitherman,166409,"141,843,612",s499,Movie,Jon Favreau,"Bill Murray, Ben Kingsley, Idris Elba, Lupita Nyong'o, Scarlett Johansson, Giancarlo Esposito","United Kingdom, United States",19-Jun-20,2016,PG,108 min,"Action-Adventure, Coming of Age, Family",A man-cub who’s been raised by a family of wolves eludes a dangerous tiger.,,,,,,,,,,1
